Datas,539008
1916-09-01,0.0
1916-09-02,0.0
1916-09-03,0.0
1916-09-04,0.0
1916-09-05,0.0
1916-09-06,0.0
1916-09-07,0.0
1916-09-08,0.0
1916-09-09,0.0
1916-09-10,0.0
1916-09-11,0.0
1916-09-12,2.0
1916-09-13,0.0
1916-09-14,0.0
1916-09-15,0.0
1916-09-16,0.0
1916-09-17,0.0
1916-09-18,0.0
1916-09-19,0.0
1916-09-20,0.0
1916-09-21,0.0
1916-09-22,0.0
1916-09-23,0.0
1916-09-24,0.0
1916-09-25,0.0
1916-09-26,0.0
1916-09-27,0.0
1916-09-28,0.0
1916-09-29,0.0
1916-09-30,0.0
1916-10-01,0.0
1916-10-02,0.0
1916-10-03,0.0
1916-10-04,0.0
1916-10-05,0.0
1916-10-06,0.0
1916-10-07,0.0
1916-10-08,0.0
1916-10-09,0.0
1916-10-10,0.0
1916-10-11,0.0
1916-10-12,0.0
1916-10-13,0.0
1916-10-14,0.0
1916-10-15,0.0
1916-10-16,0.0
1916-10-17,0.0
1916-10-18,0.0
1916-10-19,0.0
1916-10-20,0.0
1916-10-21,0.0
1916-10-22,0.0
1916-10-23,0.0
1916-10-24,0.0
1916-10-25,0.0
1916-10-26,0.0
1916-10-27,0.0
1916-10-28,0.0
1916-10-29,0.0
1916-10-30,0.0
1916-10-31,0.2
1916-11-01,1.4
1916-11-02,0.6
1916-11-03,0.0
1916-11-04,0.0
1916-11-05,0.0
1916-11-06,0.0
1916-11-07,0.0
1916-11-08,0.0
1916-11-09,0.0
1916-11-10,0.0
1916-11-11,0.0
1916-11-12,0.0
1916-11-13,0.0
1916-11-14,0.3
1916-11-15,0.0
1916-11-16,0.0
1916-11-17,0.0
1916-11-18,10.2
1916-11-19,0.0
1916-11-20,0.0
1916-11-21,0.0
1916-11-22,0.0
1916-11-23,0.1
1916-11-24,0.7
1916-11-25,0.0
1916-11-26,0.2
1916-11-27,0.0
1916-11-28,0.0
1916-11-29,0.0
1916-11-30,0.0
1916-12-01,0.0
1916-12-02,0.0
1916-12-03,0.0
1916-12-04,0.0
1916-12-05,0.0
1916-12-06,0.0
1916-12-07,0.7
1916-12-08,0.0
1916-12-09,0.0
1916-12-10,0.0
1916-12-11,8.2
1916-12-12,0.0
1916-12-13,0.0
1916-12-14,0.0
1916-12-15,0.5
1916-12-16,0.0
1916-12-17,0.0
1916-12-18,0.0
1916-12-19,0.0
1916-12-20,0.0
1916-12-21,0.0
1916-12-22,0.0
1916-12-23,0.0
1916-12-24,0.0
1916-12-25,0.0
1916-12-26,0.0
1916-12-27,0.0
1916-12-28,0.0
1916-12-29,13.8
1916-12-30,4.4
1916-12-31,0.6
1917-01-01,8.4
1917-01-02,31.8
1917-01-03,18.1
1917-01-04,34.1
1917-01-05,0.0
1917-01-06,3.3
1917-01-07,0.0
1917-01-08,0.0
1917-01-09,0.0
1917-01-10,0.0
1917-01-11,0.8
1917-01-12,7.5
1917-01-13,1.2
1917-01-14,2.3
1917-01-15,4.8
1917-01-16,5.6
1917-01-17,6.0
1917-01-18,21.5
1917-01-19,2.9
1917-01-20,7.5
1917-01-21,0.0
1917-01-22,0.0
1917-01-23,6.5
1917-01-24,0.0
1917-01-25,0.0
1917-01-26,0.0
1917-01-27,12.4
1917-01-28,3.7
1917-01-29,2.6
1917-01-30,0.0
1917-01-31,3.8
1917-02-01,0.0
1917-02-02,0.0
1917-02-03,0.0
1917-02-04,24.2
1917-02-05,0.2
1917-02-06,13.3
1917-02-07,48.5
1917-02-08,0.7
1917-02-09,8.9
1917-02-10,6.0
1917-02-11,0.6
1917-02-12,3.7
1917-02-13,0.2
1917-02-14,3.3
1917-02-15,0.0
1917-02-16,0.0
1917-02-17,21.8
1917-02-18,5.4
1917-02-19,0.3
1917-02-20,42.0
1917-02-21,6.5
1917-02-22,8.2
1917-02-23,8.0
1917-02-24,0.0
1917-02-25,4.9
1917-02-26,24.5
1917-02-27,8.6
1917-02-28,9.5
1917-03-01,2.3
1917-03-02,4.7
1917-03-03,20.1
1917-03-04,0.2
1917-03-05,19.5
1917-03-06,9.6
1917-03-07,3.6
1917-03-08,1.5
1917-03-09,14.2
1917-03-10,27.4
1917-03-11,15.4
1917-03-12,5.4
1917-03-13,4.9
1917-03-14,3.3
1917-03-15,12.0
1917-03-16,29.2
1917-03-17,30.8
1917-03-18,13.7
1917-03-19,7.5
1917-03-20,1.4
1917-03-21,3.5
1917-03-22,0.0
1917-03-23,14.2
1917-03-24,0.0
1917-03-25,3.8
1917-03-26,0.0
1917-03-27,0.0
1917-03-28,18.7
1917-03-29,0.6
1917-03-30,21.7
1917-03-31,4.0
1917-04-01,2.8
1917-04-02,10.0
1917-04-03,6.4
1917-04-04,0.3
1917-04-05,6.6
1917-04-06,0.0
1917-04-07,0.3
1917-04-08,12.3
1917-04-09,2.5
1917-04-10,0.6
1917-04-11,8.0
1917-04-12,2.8
1917-04-13,15.9
1917-04-14,6.8
1917-04-15,2.6
1917-04-16,2.7
1917-04-17,8.8
1917-04-18,0.0
1917-04-19,1.1
1917-04-20,3.7
1917-04-21,0.0
1917-04-22,0.0
1917-04-23,11.9
1917-04-24,3.5
1917-04-25,8.8
1917-04-26,1.2
1917-04-27,20.7
1917-04-28,19.2
1917-04-29,4.3
1917-04-30,13.5
1917-05-01,15.3
1917-05-02,2.1
1917-05-03,2.2
1917-05-04,0.4
1917-05-05,0.0
1917-05-06,23.4
1917-05-07,4.3
1917-05-08,7.5
1917-05-09,51.2
1917-05-10,3.5
1917-05-11,0.3
1917-05-12,0.0
1917-05-13,7.4
1917-05-14,82.8
1917-05-15,13.6
1917-05-16,0.3
1917-05-17,6.0
1917-05-18,23.5
1917-05-19,0.0
1917-05-20,1.1
1917-05-21,11.0
1917-05-22,24.4
1917-05-23,7.2
1917-05-24,0.0
1917-05-25,4.8
1917-05-26,7.3
1917-05-27,4.7
1917-05-28,2.1
1917-05-29,0.0
1917-05-30,2.8
1917-05-31,0.0
1917-06-01,0.0
1917-06-02,2.0
1917-06-03,0.0
1917-06-04,6.3
1917-06-05,0.0
1917-06-06,0.0
1917-06-07,0.0
1917-06-08,0.0
1917-06-09,0.0
1917-06-10,0.0
1917-06-11,6.8
1917-06-12,0.8
1917-06-13,0.4
1917-06-14,0.0
1917-06-15,0.0
1917-06-16,0.0
1917-06-17,10.5
1917-06-18,0.8
1917-06-19,0.3
1917-06-20,0.0
1917-06-21,0.0
1917-06-22,0.0
1917-06-23,0.0
1917-06-24,4.3
1917-06-25,0.0
1917-06-26,0.0
1917-06-27,0.0
1917-06-28,0.4
1917-06-29,0.0
1917-06-30,0.0
1917-07-01,3.6
1917-07-02,0.3
1917-07-03,8.0
1917-07-04,0.8
1917-07-05,1.3
1917-07-06,0.0
1917-07-07,0.0
1917-07-08,0.0
1917-07-09,0.0
1917-07-10,0.0
1917-07-11,0.0
1917-07-12,0.0
1917-07-13,0.0
1917-07-14,0.0
1917-07-15,1.8
1917-07-16,0.0
1917-07-17,0.0
1917-07-18,0.0
1917-07-19,0.0
1917-07-20,0.0
1917-07-21,0.0
1917-07-22,0.0
1917-07-23,1.3
1917-07-24,0.0
1917-07-25,1.0
1917-07-26,0.0
1917-07-27,0.0
1917-07-28,0.0
1917-07-29,0.0
1917-07-30,0.0
1917-07-31,0.0
1917-08-01,0.0
1917-08-02,0.0
1917-08-03,0.0
1917-08-04,0.0
1917-08-05,0.0
1917-08-06,0.0
1917-08-07,0.0
1917-08-08,0.0
1917-08-09,0.0
1917-08-10,0.0
1917-08-11,0.0
1917-08-12,0.0
1917-08-13,0.0
1917-08-14,0.0
1917-08-15,0.0
1917-08-16,0.0
1917-08-17,0.0
1917-08-18,0.0
1917-08-19,0.0
1917-08-20,0.0
1917-08-21,0.0
1917-08-22,0.0
1917-08-23,0.0
1917-08-24,5.4
1917-08-25,0.4
1917-08-26,0.0
1917-08-27,0.0
1917-08-28,0.0
1917-08-29,0.0
1917-08-30,0.0
1917-08-31,0.0
1917-09-01,0.0
1917-09-02,0.0
1917-09-03,0.0
1917-09-04,0.0
1917-09-05,0.0
1917-09-06,0.0
1917-09-07,0.0
1917-09-08,0.0
1917-09-09,0.0
1917-09-10,0.0
1917-09-11,0.0
1917-09-12,0.0
1917-09-13,0.0
1917-09-14,0.0
1917-09-15,8.1
1917-09-16,0.0
1917-09-17,0.0
1917-09-18,0.0
1917-09-19,0.0
1917-09-20,0.0
1917-09-21,7.7
1917-09-22,0.0
1917-09-23,0.0
1917-09-24,0.0
1917-09-25,0.2
1917-09-26,0.0
1917-09-27,0.0
1917-09-28,0.0
1917-09-29,0.0
1917-09-30,0.0
1917-10-01,0.0
1917-10-02,0.0
1917-10-03,0.0
1917-10-04,0.0
1917-10-05,0.0
1917-10-06,0.0
1917-10-07,0.2
1917-10-08,0.0
1917-10-09,0.0
1917-10-10,0.0
1917-10-11,0.0
1917-10-12,0.0
1917-10-13,0.0
1917-10-14,0.0
1917-10-15,0.0
1917-10-16,0.0
1917-10-17,0.0
1917-10-18,0.0
1917-10-19,0.0
1917-10-20,0.0
1917-10-21,0.0
1917-10-22,0.0
1917-10-23,0.0
1917-10-24,0.0
1917-10-25,0.0
1917-10-26,0.0
1917-10-27,0.0
1917-10-28,0.0
1917-10-29,0.0
1917-10-30,0.0
1917-10-31,0.0
1917-11-01,0.4
1917-11-02,0.0
1917-11-03,0.0
1917-11-04,1.0
1917-11-05,1.4
1917-11-06,0.0
1917-11-07,0.0
1917-11-08,0.0
1917-11-09,0.0
1917-11-10,0.0
1917-11-11,0.0
1917-11-12,0.0
1917-11-13,1.4
1917-11-14,0.0
1917-11-15,0.0
1917-11-16,0.0
1917-11-17,0.0
1917-11-18,1.4
1917-11-19,9.2
1917-11-20,1.5
1917-11-21,0.0
1917-11-22,0.0
1917-11-23,0.0
1917-11-24,0.0
1917-11-25,0.2
1917-11-26,2.3
1917-11-27,10.0
1917-11-28,0.3
1917-11-29,1.5
1917-11-30,0.0
1917-12-01,0.0
1917-12-02,0.0
1917-12-03,0.0
1917-12-04,0.0
1917-12-05,0.0
1917-12-06,0.0
1917-12-07,0.0
1917-12-08,0.0
1917-12-09,0.0
1917-12-10,0.0
1917-12-11,0.0
1917-12-12,0.0
1917-12-13,0.0
1917-12-14,0.3
1917-12-15,0.1
1917-12-16,2.8
1917-12-17,15.2
1917-12-18,2.1
1917-12-19,2.3
1917-12-20,3.9
1917-12-21,0.0
1917-12-22,0.0
1917-12-23,0.0
1917-12-24,0.0
1917-12-25,9.2
1917-12-26,2.4
1917-12-27,0.0
1917-12-28,0.0
1917-12-29,0.0
1917-12-30,0.0
1917-12-31,0.0
1918-01-01,0.0
1918-01-02,0.1
1918-01-03,0.0
1918-01-04,0.0
1918-01-05,4.4
1918-01-06,0.0
1918-01-07,12.5
1918-01-08,0.5
1918-01-09,18.3
1918-01-10,0.0
1918-01-11,0.0
1918-01-12,0.0
1918-01-13,0.0
1918-01-14,0.0
1918-01-15,0.6
1918-01-16,0.0
1918-01-17,0.0
1918-01-18,4.3
1918-01-19,0.7
1918-01-20,0.2
1918-01-21,0.0
1918-01-22,0.0
1918-01-23,0.0
1918-01-24,0.0
1918-01-25,2.0
1918-01-26,0.6
1918-01-27,20.9
1918-01-28,2.3
1918-01-29,0.0
1918-01-30,0.0
1918-01-31,0.0
1918-02-01,0.0
1918-02-02,1.3
1918-02-03,0.0
1918-02-04,0.0
1918-02-05,0.0
1918-02-06,0.0
1918-02-07,0.0
1918-02-08,2.2
1918-02-09,9.4
1918-02-10,0.6
1918-02-11,18.0
1918-02-12,1.5
1918-02-13,5.1
1918-02-14,20.8
1918-02-15,0.0
1918-02-16,0.0
1918-02-17,0.0
1918-02-18,0.0
1918-02-19,2.0
1918-02-20,0.0
1918-02-21,1.0
1918-02-22,0.0
1918-02-23,0.5
1918-02-24,0.0
1918-02-25,5.0
1918-02-26,23.2
1918-02-27,5.0
1918-02-28,0.0
1918-03-01,0.0
1918-03-02,0.0
1918-03-03,0.0
1918-03-04,0.0
1918-03-05,0.0
1918-03-06,0.0
1918-03-07,0.0
1918-03-08,0.0
1918-03-09,0.0
1918-03-10,0.0
1918-03-11,28.0
1918-03-12,3.1
1918-03-13,0.0
1918-03-14,0.3
1918-03-15,9.0
1918-03-16,12.0
1918-03-17,3.8
1918-03-18,9.2
1918-03-19,0.0
1918-03-20,4.8
1918-03-21,0.0
1918-03-22,2.6
1918-03-23,1.7
1918-03-24,0.0
1918-03-25,5.5
1918-03-26,10.5
1918-03-27,0.3
1918-03-28,18.0
1918-03-29,0.2
1918-03-30,2.5
1918-03-31,6.0
1918-04-01,6.0
1918-04-02,3.1
1918-04-03,19.5
1918-04-04,4.8
1918-04-05,1.8
1918-04-06,1.5
1918-04-07,0.8
1918-04-08,0.0
1918-04-09,0.0
1918-04-10,0.0
1918-04-11,0.0
1918-04-12,3.5
1918-04-13,0.0
1918-04-14,0.0
1918-04-15,0.0
1918-04-16,0.0
1918-04-17,0.0
1918-04-18,0.5
1918-04-19,0.0
1918-04-20,0.0
1918-04-21,1.3
1918-04-22,0.0
1918-04-23,3.3
1918-04-24,0.0
1918-04-25,0.0
1918-04-26,0.8
1918-04-27,4.8
1918-04-28,23.9
1918-04-29,1.8
1918-04-30,3.3
1918-05-01,0.0
1918-05-02,0.9
1918-05-03,2.6
1918-05-04,34.8
1918-05-05,0.0
1918-05-06,0.0
1918-05-07,0.8
1918-05-08,0.0
1918-05-09,22.5
1918-05-10,9.0
1918-05-11,4.3
1918-05-12,0.7
1918-05-13,0.0
1918-05-14,2.4
1918-05-15,5.1
1918-05-16,0.0
1918-05-17,7.5
1918-05-18,3.9
1918-05-19,4.3
1918-05-20,0.0
1918-05-21,0.0
1918-05-22,1.0
1918-05-23,1.1
1918-05-24,5.1
1918-05-25,0.5
1918-05-26,7.8
1918-05-27,1.1
1918-05-28,4.8
1918-05-29,17.2
1918-05-30,23.0
1918-05-31,0.9
1918-06-01,2.1
1918-06-02,3.3
1918-06-03,0.9
1918-06-04,1.3
1918-06-05,0.5
1918-06-06,0.4
1918-06-07,1.0
1918-06-08,0.0
1918-06-09,0.0
1918-06-10,0.0
1918-06-11,0.6
1918-06-12,0.0
1918-06-13,0.0
1918-06-14,0.0
1918-06-15,0.0
1918-06-16,0.0
1918-06-17,2.1
1918-06-18,0.0
1918-06-19,0.0
1918-06-20,0.0
1918-06-21,0.0
1918-06-22,0.0
1918-06-23,0.0
1918-06-24,2.4
1918-06-25,0.0
1918-06-26,0.0
1918-06-27,0.0
1918-06-28,0.0
1918-06-29,1.5
1918-06-30,4.0
1918-07-01,0.0
1918-07-02,0.0
1918-07-03,0.0
1918-07-04,0.0
1918-07-05,0.0
1918-07-06,0.0
1918-07-07,0.0
1918-07-08,0.0
1918-07-09,0.0
1918-07-10,0.0
1918-07-11,0.0
1918-07-12,0.0
1918-07-13,0.0
1918-07-14,0.0
1918-07-15,0.0
1918-07-16,0.0
1918-07-17,0.6
1918-07-18,1.2
1918-07-19,1.9
1918-07-20,0.0
1918-07-21,0.0
1918-07-22,0.0
1918-07-23,0.0
1918-07-24,0.0
1918-07-25,0.2
1918-07-26,0.0
1918-07-27,0.0
1918-07-28,1.3
1918-07-29,0.8
1918-07-30,0.0
1918-07-31,0.0
1918-08-01,0.0
1918-08-02,0.0
1918-08-03,0.0
1918-08-04,0.0
1918-08-05,0.0
1918-08-06,0.0
1918-08-07,3.2
1918-08-08,4.3
1918-08-09,1.8
1918-08-10,1.0
1918-08-11,2.9
1918-08-12,0.0
1918-08-13,0.0
1918-08-14,0.0
1918-08-15,0.0
1918-08-16,0.0
1918-08-17,0.0
1918-08-18,0.0
1918-08-19,0.0
1918-08-20,0.0
1918-08-21,0.0
1918-08-22,7.2
1918-08-23,0.0
1918-08-24,0.0
1918-08-25,0.0
1918-08-26,0.0
1918-08-27,0.0
1918-08-28,0.0
1918-08-29,0.0
1918-08-30,0.0
1918-08-31,0.0
1918-09-01,0.0
1918-09-02,0.0
1918-09-03,0.0
1918-09-04,0.0
1918-09-05,0.0
1918-09-06,0.0
1918-09-07,0.0
1918-09-08,0.0
1918-09-09,0.0
1918-09-10,0.0
1918-09-11,0.0
1918-09-12,0.0
1918-09-13,0.0
1918-09-14,0.0
1918-09-15,0.0
1918-09-16,0.0
1918-09-17,0.0
1918-09-18,0.0
1918-09-19,9.5
1918-09-20,0.0
1918-09-21,0.0
1918-09-22,0.0
1918-09-23,0.0
1918-09-24,0.0
1918-09-25,0.0
1918-09-26,0.0
1918-09-27,0.0
1918-09-28,0.0
1918-09-29,0.0
1918-09-30,5.2
1918-10-01,0.0
1918-10-02,0.0
1918-10-03,0.0
1918-10-04,0.0
1918-10-05,0.0
1918-10-06,0.0
1918-10-07,0.0
1918-10-08,0.0
1918-10-09,0.0
1918-10-10,0.0
1918-10-11,0.0
1918-10-12,0.0
1918-10-13,0.0
1918-10-14,0.0
1918-10-15,0.0
1918-10-16,0.0
1918-10-17,0.0
1918-10-18,0.0
1918-10-19,0.0
1918-10-20,0.0
1918-10-21,0.0
1918-10-22,0.0
1918-10-23,0.0
1918-10-24,0.0
1918-10-25,0.0
1918-10-26,0.0
1918-10-27,0.0
1918-10-28,0.0
1918-10-29,0.0
1918-10-30,0.0
1918-10-31,0.0
1918-11-01,0.0
1918-11-02,0.0
1918-11-03,0.0
1918-11-04,0.0
1918-11-05,0.0
1918-11-06,0.0
1918-11-07,0.0
1918-11-08,0.0
1918-11-09,0.0
1918-11-10,0.0
1918-11-11,0.0
1918-11-12,0.0
1918-11-13,0.0
1918-11-14,0.0
1918-11-15,0.0
1918-11-16,0.0
1918-11-17,0.0
1918-11-18,0.0
1918-11-19,0.0
1918-11-20,0.0
1918-11-21,0.0
1918-11-22,0.0
1918-11-23,0.0
1918-11-24,0.0
1918-11-25,0.0
1918-11-26,0.0
1918-11-27,8.4
1918-11-28,0.0
1918-11-29,0.0
1918-11-30,0.0
1918-12-01,0.0
1918-12-02,0.0
1918-12-03,0.0
1918-12-04,0.0
1918-12-05,0.0
1918-12-06,0.0
1918-12-07,0.0
1918-12-08,0.0
1918-12-09,0.0
1918-12-10,0.0
1918-12-11,0.0
1918-12-12,44.0
1918-12-13,0.0
1918-12-14,0.0
1918-12-15,0.0
1918-12-16,0.0
1918-12-17,0.0
1918-12-18,0.0
1918-12-19,0.0
1918-12-20,0.0
1918-12-21,0.0
1918-12-22,0.0
1918-12-23,2.0
1918-12-24,0.0
1918-12-25,0.0
1918-12-26,0.0
1918-12-27,0.0
1918-12-28,2.0
1918-12-29,0.0
1918-12-30,0.0
1918-12-31,63.5
1919-01-01,0.0
1919-01-02,0.0
1919-01-03,1.6
1919-01-04,0.0
1919-01-05,0.0
1919-01-06,0.0
1919-01-07,0.0
1919-01-08,0.0
1919-01-09,0.0
1919-01-10,0.0
1919-01-11,0.0
1919-01-12,0.0
1919-01-13,0.0
1919-01-14,0.0
1919-01-15,0.0
1919-01-16,0.0
1919-01-17,0.0
1919-01-18,0.0
1919-01-19,0.0
1919-01-20,0.3
1919-01-21,0.0
1919-01-22,0.0
1919-01-23,0.0
1919-01-24,0.0
1919-01-25,0.0
1919-01-26,0.0
1919-01-27,0.0
1919-01-28,0.0
1919-01-29,0.0
1919-01-30,0.0
1919-01-31,0.0
1919-02-01,0.0
1919-02-02,0.0
1919-02-03,0.0
1919-02-04,0.0
1919-02-05,0.0
1919-02-06,3.7
1919-02-07,0.0
1919-02-08,0.0
1919-02-09,0.0
1919-02-10,0.0
1919-02-11,0.0
1919-02-12,0.0
1919-02-13,0.0
1919-02-14,64.5
1919-02-15,3.8
1919-02-16,21.3
1919-02-17,25.0
1919-02-18,18.0
1919-02-19,4.7
1919-02-20,0.8
1919-02-21,0.0
1919-02-22,0.0
1919-02-23,0.0
1919-02-24,0.0
1919-02-25,4.0
1919-02-26,0.0
1919-02-27,0.0
1919-02-28,3.4
1919-03-01,0.0
1919-03-02,0.0
1919-03-03,0.0
1919-03-04,0.0
1919-03-05,0.0
1919-03-06,0.0
1919-03-07,0.0
1919-03-08,0.0
1919-03-09,2.0
1919-03-10,13.0
1919-03-11,2.2
1919-03-12,0.0
1919-03-13,0.0
1919-03-14,0.0
1919-03-15,0.0
1919-03-16,0.0
1919-03-17,0.0
1919-03-18,0.0
1919-03-19,0.0
1919-03-20,0.0
1919-03-21,0.0
1919-03-22,0.0
1919-03-23,0.0
1919-03-24,0.0
1919-03-25,1.1
1919-03-26,0.0
1919-03-27,0.0
1919-03-28,0.0
1919-03-29,0.0
1919-03-30,0.0
1919-03-31,1.5
1919-04-01,0.0
1919-04-02,0.0
1919-04-03,0.0
1919-04-04,3.8
1919-04-05,0.0
1919-04-06,0.0
1919-04-07,0.0
1919-04-08,0.0
1919-04-09,0.0
1919-04-10,0.0
1919-04-11,0.0
1919-04-12,0.0
1919-04-13,0.0
1919-04-14,0.0
1919-04-15,0.0
1919-04-16,0.0
1919-04-17,2.4
1919-04-18,0.0
1919-04-19,0.0
1919-04-20,7.0
1919-04-21,0.0
1919-04-22,1.0
1919-04-23,0.0
1919-04-24,0.0
1919-04-25,0.0
1919-04-26,0.0
1919-04-27,0.0
1919-04-28,0.0
1919-04-29,0.0
1919-04-30,0.0
1919-05-01,12.3
1919-05-02,0.0
1919-05-03,0.0
1919-05-04,18.5
1919-05-05,0.0
1919-05-06,0.0
1919-05-07,0.0
1919-05-08,0.0
1919-05-09,0.0
1919-05-10,0.0
1919-05-11,0.0
1919-05-12,0.0
1919-05-13,0.0
1919-05-14,0.0
1919-05-15,0.0
1919-05-16,0.0
1919-05-17,0.0
1919-05-18,0.0
1919-05-19,0.0
1919-05-20,0.0
1919-05-21,0.0
1919-05-22,0.0
1919-05-23,0.0
1919-05-24,0.0
1919-05-25,0.0
1919-05-26,0.0
1919-05-27,0.0
1919-05-28,0.0
1919-05-29,0.0
1919-05-30,0.0
1919-05-31,0.0
1919-06-01,0.0
1919-06-02,0.0
1919-06-03,0.0
1919-06-04,0.0
1919-06-05,9.0
1919-06-06,0.0
1919-06-07,0.0
1919-06-08,0.0
1919-06-09,0.0
1919-06-10,0.0
1919-06-11,0.0
1919-06-12,0.0
1919-06-13,0.0
1919-06-14,0.0
1919-06-15,0.0
1919-06-16,0.0
1919-06-17,0.0
1919-06-18,0.0
1919-06-19,0.0
1919-06-20,0.0
1919-06-21,0.0
1919-06-22,0.9
1919-06-23,6.0
1919-06-24,0.0
1919-06-25,0.0
1919-06-26,0.0
1919-06-27,6.0
1919-06-28,2.2
1919-06-29,0.0
1919-06-30,0.0
1919-07-01,0.0
1919-07-02,0.0
1919-07-03,0.0
1919-07-04,0.0
1919-07-05,0.0
1919-07-06,0.0
1919-07-07,0.0
1919-07-08,0.0
1919-07-09,0.0
1919-07-10,0.0
1919-07-11,0.0
1919-07-12,9.7
1919-07-13,0.0
1919-07-14,0.0
1919-07-15,0.0
1919-07-16,0.0
1919-07-17,0.0
1919-07-18,0.0
1919-07-19,0.0
1919-07-20,2.2
1919-07-21,0.0
1919-07-22,0.0
1919-07-23,0.0
1919-07-24,0.0
1919-07-25,0.0
1919-07-26,0.0
1919-07-27,0.0
1919-07-28,0.0
1919-07-29,0.0
1919-07-30,0.0
1919-07-31,3.8
1919-08-01,0.0
1919-08-02,0.0
1919-08-03,0.0
1919-08-04,0.0
1919-08-05,0.0
1919-08-06,0.0
1919-08-07,0.0
1919-08-08,0.0
1919-08-09,0.0
1919-08-10,0.0
1919-08-11,0.0
1919-08-12,7.0
1919-08-13,0.0
1919-08-14,0.0
1919-08-15,0.0
1919-08-16,0.0
1919-08-17,0.0
1919-08-18,0.0
1919-08-19,0.0
1919-08-20,0.0
1919-08-21,3.8
1919-08-22,0.0
1919-08-23,0.0
1919-08-24,0.0
1919-08-25,0.0
1919-08-26,0.0
1919-08-27,0.0
1919-08-28,0.0
1919-08-29,0.0
1919-08-30,0.0
1919-08-31,0.0
1919-09-01,1.5
1919-09-02,0.0
1919-09-03,0.0
1919-09-04,1.0
1919-09-05,0.0
1919-09-06,0.0
1919-09-07,0.0
1919-09-08,0.0
1919-09-09,0.0
1919-09-10,0.0
1919-09-11,0.0
1919-09-12,0.0
1919-09-13,0.0
1919-09-14,0.0
1919-09-15,0.0
1919-09-16,0.0
1919-09-17,0.0
1919-09-18,0.0
1919-09-19,0.0
1919-09-20,0.0
1919-09-21,0.0
1919-09-22,0.0
1919-09-23,0.0
1919-09-24,0.0
1919-09-25,0.0
1919-09-26,0.0
1919-09-27,0.0
1919-09-28,0.0
1919-09-29,0.0
1919-09-30,0.0
1919-10-01,0.0
1919-10-02,0.0
1919-10-03,0.0
1919-10-04,0.0
1919-10-05,0.0
1919-10-06,5.2
1919-10-07,0.0
1919-10-08,0.0
1919-10-09,0.0
1919-10-10,0.0
1919-10-11,0.0
1919-10-12,0.0
1919-10-13,2.0
1919-10-14,0.0
1919-10-15,0.0
1919-10-16,0.0
1919-10-17,0.0
1919-10-18,0.0
1919-10-19,2.5
1919-10-20,0.0
1919-10-21,0.0
1919-10-22,0.0
1919-10-23,0.0
1919-10-24,0.0
1919-10-25,0.0
1919-10-26,0.0
1919-10-27,0.0
1919-10-28,0.0
1919-10-29,0.0
1919-10-30,0.0
1919-10-31,0.0
1919-11-01,0.0
1919-11-02,0.0
1919-11-03,0.0
1919-11-04,0.0
1919-11-05,0.0
1919-11-06,0.0
1919-11-07,0.0
1919-11-08,0.0
1919-11-09,0.0
1919-11-10,0.0
1919-11-11,1.2
1919-11-12,0.0
1919-11-13,0.0
1919-11-14,0.0
1919-11-15,0.0
1919-11-16,0.0
1919-11-17,0.0
1919-11-18,0.0
1919-11-19,0.0
1919-11-20,0.0
1919-11-21,0.0
1919-11-22,0.0
1919-11-23,1.0
1919-11-24,0.0
1919-11-25,0.3
1919-11-26,0.0
1919-11-27,0.0
1919-11-28,0.0
1919-11-29,0.0
1919-11-30,0.0
1919-12-01,0.0
1919-12-02,0.0
1919-12-03,0.0
1919-12-04,0.0
1919-12-05,0.0
1919-12-06,0.0
1919-12-07,0.0
1919-12-08,0.0
1919-12-09,0.0
1919-12-10,0.0
1919-12-11,0.0
1919-12-12,0.0
1919-12-13,0.0
1919-12-14,0.0
1919-12-15,0.0
1919-12-16,0.0
1919-12-17,0.0
1919-12-18,0.0
1919-12-19,0.0
1919-12-20,0.0
1919-12-21,0.0
1919-12-22,0.0
1919-12-23,0.0
1919-12-24,0.0
1919-12-25,0.0
1919-12-26,0.0
1919-12-27,8.3
1919-12-28,0.0
1919-12-29,0.0
1919-12-30,0.0
1919-12-31,8.5
1920-01-01,0.0
1920-01-02,0.0
1920-01-03,0.0
1920-01-04,0.0
1920-01-05,0.0
1920-01-06,0.0
1920-01-07,0.0
1920-01-08,0.0
1920-01-09,0.0
1920-01-10,0.0
1920-01-11,0.0
1920-01-12,0.0
1920-01-13,0.0
1920-01-14,0.0
1920-01-15,0.0
1920-01-16,0.0
1920-01-17,0.0
1920-01-18,0.0
1920-01-19,0.0
1920-01-20,0.0
1920-01-21,0.0
1920-01-22,0.0
1920-01-23,0.0
1920-01-24,0.0
1920-01-25,0.0
1920-01-26,0.0
1920-01-27,0.0
1920-01-28,0.0
1920-01-29,0.0
1920-01-30,0.0
1920-01-31,0.0
1920-02-01,0.0
1920-02-02,0.0
1920-02-03,2.0
1920-02-04,0.0
1920-02-05,0.0
1920-02-06,0.0
1920-02-07,0.0
1920-02-08,0.0
1920-02-09,0.0
1920-02-10,0.0
1920-02-11,0.0
1920-02-12,0.0
1920-02-13,0.0
1920-02-14,0.0
1920-02-15,13.3
1920-02-16,0.0
1920-02-17,0.0
1920-02-18,4.5
1920-02-19,0.0
1920-02-20,0.0
1920-02-21,0.0
1920-02-22,0.0
1920-02-23,0.0
1920-02-24,0.0
1920-02-25,0.0
1920-02-26,0.0
1920-02-27,4.4
1920-02-28,15.8
1920-02-29,14.1
1920-03-01,0.0
1920-03-02,4.5
1920-03-03,0.4
1920-03-04,72.0
1920-03-05,4.1
1920-03-06,0.0
1920-03-07,4.0
1920-03-08,0.8
1920-03-09,1.5
1920-03-10,44.8
1920-03-11,20.5
1920-03-12,14.5
1920-03-13,85.5
1920-03-14,7.2
1920-03-15,0.0
1920-03-16,0.0
1920-03-17,0.0
1920-03-18,22.0
1920-03-19,0.0
1920-03-20,0.0
1920-03-21,8.8
1920-03-22,17.1
1920-03-23,58.5
1920-03-24,1.5
1920-03-25,0.0
1920-03-26,6.2
1920-03-27,5.1
1920-03-28,12.7
1920-03-29,18.2
1920-03-30,64.7
1920-03-31,1.0
1920-04-01,0.0
1920-04-02,12.2
1920-04-03,6.7
1920-04-04,1.2
1920-04-05,2.1
1920-04-06,0.6
1920-04-07,13.5
1920-04-08,7.2
1920-04-09,7.8
1920-04-10,3.0
1920-04-11,30.0
1920-04-12,27.3
1920-04-13,3.9
1920-04-14,49.5
1920-04-15,1.8
1920-04-16,0.7
1920-04-17,0.0
1920-04-18,1.3
1920-04-19,0.0
1920-04-20,15.0
1920-04-21,0.2
1920-04-22,0.5
1920-04-23,0.7
1920-04-24,0.2
1920-04-25,23.5
1920-04-26,8.3
1920-04-27,0.2
1920-04-28,12.0
1920-04-29,0.8
1920-04-30,0.2
1920-05-01,1.3
1920-05-02,0.0
1920-05-03,0.6
1920-05-04,0.0
1920-05-05,0.0
1920-05-06,8.5
1920-05-07,0.2
1920-05-08,0.0
1920-05-09,2.6
1920-05-10,0.0
1920-05-11,0.0
1920-05-12,47.0
1920-05-13,4.0
1920-05-14,6.9
1920-05-15,6.1
1920-05-16,6.3
1920-05-17,4.6
1920-05-18,0.0
1920-05-19,1.3
1920-05-20,0.0
1920-05-21,40.3
1920-05-22,0.0
1920-05-23,0.0
1920-05-24,2.0
1920-05-25,0.9
1920-05-26,0.0
1920-05-27,1.5
1920-05-28,0.0
1920-05-29,0.7
1920-05-30,0.0
1920-05-31,22.7
1920-06-01,0.0
1920-06-02,5.7
1920-06-03,0.0
1920-06-04,0.0
1920-06-05,5.6
1920-06-06,0.0
1920-06-07,0.0
1920-06-08,0.0
1920-06-09,11.6
1920-06-10,0.0
1920-06-11,2.0
1920-06-12,0.0
1920-06-13,0.0
1920-06-14,3.5
1920-06-15,1.0
1920-06-16,9.7
1920-06-17,1.0
1920-06-18,3.7
1920-06-19,0.0
1920-06-20,0.0
1920-06-21,0.0
1920-06-22,0.0
1920-06-23,0.0
1920-06-24,0.0
1920-06-25,0.0
1920-06-26,1.0
1920-06-27,0.0
1920-06-28,0.0
1920-06-29,0.0
1920-06-30,0.0
1920-07-01,0.0
1920-07-02,0.0
1920-07-03,0.0
1920-07-04,0.0
1920-07-05,0.0
1920-07-06,0.0
1920-07-07,11.1
1920-07-08,1.0
1920-07-09,0.0
1920-07-10,0.0
1920-07-11,0.0
1920-07-12,12.3
1920-07-13,0.0
1920-07-14,0.0
1920-07-15,3.6
1920-07-16,0.0
1920-07-17,0.0
1920-07-18,0.0
1920-07-19,0.0
1920-07-20,0.0
1920-07-21,0.0
1920-07-22,0.0
1920-07-23,4.5
1920-07-24,0.0
1920-07-25,0.0
1920-07-26,0.0
1920-07-27,0.0
1920-07-28,0.0
1920-07-29,0.0
1920-07-30,0.0
1920-07-31,0.0
1920-08-01,0.0
1920-08-02,0.0
1920-08-03,0.0
1920-08-04,0.0
1920-08-05,0.0
1920-08-06,0.0
1920-08-07,0.0
1920-08-08,0.0
1920-08-09,0.0
1920-08-10,0.0
1920-08-11,0.0
1920-08-12,0.0
1920-08-13,0.0
1920-08-14,0.0
1920-08-15,0.0
1920-08-16,0.0
1920-08-17,0.0
1920-08-18,0.0
1920-08-19,0.0
1920-08-20,0.0
1920-08-21,0.0
1920-08-22,0.0
1920-08-23,0.0
1920-08-24,0.0
1920-08-25,0.0
1920-08-26,0.0
1920-08-27,0.0
1920-08-28,0.0
1920-08-29,0.0
1920-08-30,1.0
1920-08-31,0.0
1920-09-01,0.0
1920-09-02,0.0
1920-09-03,0.0
1920-09-04,0.0
1920-09-05,0.0
1920-09-06,0.0
1920-09-07,0.0
1920-09-08,0.0
1920-09-09,0.0
1920-09-10,0.0
1920-09-11,0.0
1920-09-12,0.0
1920-09-13,0.0
1920-09-14,0.0
1920-09-15,0.0
1920-09-16,0.0
1920-09-17,0.0
1920-09-18,0.0
1920-09-19,0.0
1920-09-20,0.0
1920-09-21,0.0
1920-09-22,0.0
1920-09-23,0.0
1920-09-24,0.0
1920-09-25,0.0
1920-09-26,0.0
1920-09-27,0.0
1920-09-28,0.0
1920-09-29,0.0
1920-09-30,10.0
1920-10-01,0.0
1920-10-02,0.0
1920-10-03,0.0
1920-10-04,0.0
1920-10-05,0.0
1920-10-06,0.0
1920-10-07,0.0
1920-10-08,0.0
1920-10-09,0.0
1920-10-10,0.0
1920-10-11,0.0
1920-10-12,0.0
1920-10-13,0.0
1920-10-14,0.0
1920-10-15,0.0
1920-10-16,3.5
1920-10-17,0.0
1920-10-18,0.0
1920-10-19,0.0
1920-10-20,0.0
1920-10-21,0.0
1920-10-22,0.0
1920-10-23,0.0
1920-10-24,0.0
1920-10-25,0.0
1920-10-26,0.0
1920-10-27,0.0
1920-10-28,0.0
1920-10-29,0.0
1920-10-30,0.0
1920-10-31,0.0
1920-11-01,0.0
1920-11-02,0.0
1920-11-03,0.0
1920-11-04,0.0
1920-11-05,0.0
1920-11-06,0.0
1920-11-07,0.0
1920-11-08,0.0
1920-11-09,2.3
1920-11-10,3.0
1920-11-11,0.0
1920-11-12,0.0
1920-11-13,0.0
1920-11-14,0.0
1920-11-15,0.0
1920-11-16,0.0
1920-11-17,0.0
1920-11-18,0.0
1920-11-19,0.0
1920-11-20,0.0
1920-11-21,0.0
1920-11-22,0.0
1920-11-23,0.0
1920-11-24,0.0
1920-11-25,5.4
1920-11-26,0.0
1920-11-27,0.0
1920-11-28,0.0
1920-11-29,0.0
1920-11-30,0.0
1920-12-01,0.0
1920-12-02,0.0
1920-12-03,0.0
1920-12-04,0.0
1920-12-05,1.2
1920-12-06,0.0
1920-12-07,0.0
1920-12-08,0.0
1920-12-09,0.0
1920-12-10,25.5
1920-12-11,21.6
1920-12-12,0.0
1920-12-13,1.7
1920-12-14,0.0
1920-12-15,1.5
1920-12-16,2.1
1920-12-17,0.0
1920-12-18,0.0
1920-12-19,0.0
1920-12-20,0.0
1920-12-21,0.0
1920-12-22,0.0
1920-12-23,0.0
1920-12-24,0.0
1920-12-25,0.0
1920-12-26,4.7
1920-12-27,0.0
1920-12-28,5.2
1920-12-29,0.0
1920-12-30,0.0
1920-12-31,0.0
1921-01-01,0.0
1921-01-02,0.0
1921-01-03,7.2
1921-01-04,0.0
1921-01-05,0.0
1921-01-06,0.0
1921-01-07,0.0
1921-01-08,10.3
1921-01-09,0.0
1921-01-10,0.0
1921-01-11,0.0
1921-01-12,24.3
1921-01-13,0.0
1921-01-14,0.0
1921-01-15,2.3
1921-01-16,0.0
1921-01-17,0.0
1921-01-18,0.0
1921-01-19,7.2
1921-01-20,30.0
1921-01-21,0.0
1921-01-22,0.0
1921-01-23,11.2
1921-01-24,0.0
1921-01-25,0.0
1921-01-26,0.0
1921-01-27,0.0
1921-01-28,0.0
1921-01-29,0.0
1921-01-30,0.0
1921-01-31,0.0
1921-02-01,0.0
1921-02-02,0.0
1921-02-03,0.0
1921-02-04,10.0
1921-02-05,3.1
1921-02-06,3.2
1921-02-07,20.5
1921-02-08,13.5
1921-02-09,18.5
1921-02-10,8.0
1921-02-11,16.1
1921-02-12,1.2
1921-02-13,10.5
1921-02-14,48.6
1921-02-15,2.3
1921-02-16,18.5
1921-02-17,6.5
1921-02-18,28.5
1921-02-19,0.0
1921-02-20,0.0
1921-02-21,0.5
1921-02-22,0.0
1921-02-23,0.0
1921-02-24,0.0
1921-02-25,0.0
1921-02-26,19.0
1921-02-27,0.0
1921-02-28,0.0
1921-03-01,0.0
1921-03-02,0.0
1921-03-03,0.0
1921-03-04,0.0
1921-03-05,0.0
1921-03-06,18.5
1921-03-07,0.0
1921-03-08,4.3
1921-03-09,5.1
1921-03-10,0.0
1921-03-11,8.0
1921-03-12,0.0
1921-03-13,33.0
1921-03-14,0.0
1921-03-15,3.0
1921-03-16,0.0
1921-03-17,7.0
1921-03-18,4.5
1921-03-19,54.0
1921-03-20,0.0
1921-03-21,6.5
1921-03-22,4.0
1921-03-23,47.5
1921-03-24,0.0
1921-03-25,8.5
1921-03-26,10.3
1921-03-27,20.0
1921-03-28,21.0
1921-03-29,2.0
1921-03-30,0.0
1921-03-31,0.0
1921-04-01,0.0
1921-04-02,0.0
1921-04-03,22.6
1921-04-04,8.2
1921-04-05,5.3
1921-04-06,5.2
1921-04-07,0.0
1921-04-08,3.1
1921-04-09,0.0
1921-04-10,0.0
1921-04-11,26.8
1921-04-12,10.0
1921-04-13,6.2
1921-04-14,0.0
1921-04-15,32.0
1921-04-16,5.8
1921-04-17,3.2
1921-04-18,0.0
1921-04-19,0.0
1921-04-20,3.0
1921-04-21,1.2
1921-04-22,3.2
1921-04-23,8.5
1921-04-24,0.0
1921-04-25,10.2
1921-04-26,11.0
1921-04-27,4.6
1921-04-28,23.0
1921-04-29,0.0
1921-04-30,1.1
1921-05-01,0.0
1921-05-02,17.3
1921-05-03,94.5
1921-05-04,40.2
1921-05-05,5.0
1921-05-06,7.1
1921-05-07,16.0
1921-05-08,8.5
1921-05-09,30.0
1921-05-10,3.0
1921-05-11,3.2
1921-05-12,0.0
1921-05-13,0.0
1921-05-14,13.0
1921-05-15,51.2
1921-05-16,3.6
1921-05-17,4.0
1921-05-18,13.3
1921-05-19,0.4
1921-05-20,0.0
1921-05-21,0.0
1921-05-22,0.0
1921-05-23,0.0
1921-05-24,3.2
1921-05-25,3.0
1921-05-26,1.0
1921-05-27,0.0
1921-05-28,0.0
1921-05-29,0.0
1921-05-30,0.0
1921-05-31,0.0
1921-06-01,0.0
1921-06-02,22.0
1921-06-03,0.0
1921-06-04,2.5
1921-06-05,0.0
1921-06-06,0.0
1921-06-07,0.0
1921-06-08,0.0
1921-06-09,5.2
1921-06-10,5.3
1921-06-11,0.0
1921-06-12,0.0
1921-06-13,0.0
1921-06-14,0.0
1921-06-15,0.0
1921-06-16,3.2
1921-06-17,0.0
1921-06-18,0.0
1921-06-19,0.0
1921-06-20,0.0
1921-06-21,0.0
1921-06-22,0.0
1921-06-23,0.0
1921-06-24,0.0
1921-06-25,0.0
1921-06-26,4.0
1921-06-27,6.0
1921-06-28,0.0
1921-06-29,2.6
1921-06-30,3.0
1921-07-01,0.0
1921-07-02,3.2
1921-07-03,2.5
1921-07-04,0.0
1921-07-05,0.0
1921-07-06,6.0
1921-07-07,0.0
1921-07-08,6.5
1921-07-09,15.0
1921-07-10,1.7
1921-07-11,0.0
1921-07-12,0.0
1921-07-13,0.0
1921-07-14,0.0
1921-07-15,0.0
1921-07-16,0.0
1921-07-17,0.0
1921-07-18,20.5
1921-07-19,0.0
1921-07-20,0.0
1921-07-21,0.0
1921-07-22,0.0
1921-07-23,0.0
1921-07-24,0.0
1921-07-25,0.0
1921-07-26,0.0
1921-07-27,0.0
1921-07-28,0.0
1921-07-29,0.0
1921-07-30,0.0
1921-07-31,0.0
1921-08-01,0.0
1921-08-02,0.0
1921-08-03,0.0
1921-08-04,0.0
1921-08-05,0.0
1921-08-06,0.0
1921-08-07,0.0
1921-08-08,0.0
1921-08-09,0.0
1921-08-10,0.0
1921-08-11,0.0
1921-08-12,3.5
1921-08-13,0.0
1921-08-14,0.0
1921-08-15,0.0
1921-08-16,0.0
1921-08-17,0.0
1921-08-18,0.0
1921-08-19,0.0
1921-08-20,0.0
1921-08-21,0.0
1921-08-22,0.0
1921-08-23,0.0
1921-08-24,0.0
1921-08-25,0.0
1921-08-26,0.0
1921-08-27,0.0
1921-08-28,0.0
1921-08-29,0.0
1921-08-30,0.0
1921-08-31,0.0
1921-09-01,0.0
1921-09-02,0.0
1921-09-03,2.5
1921-09-04,1.0
1921-09-05,0.6
1921-09-06,0.0
1921-09-07,0.0
1921-09-08,0.0
1921-09-09,0.0
1921-09-10,0.0
1921-09-11,0.0
1921-09-12,0.0
1921-09-13,0.0
1921-09-14,0.0
1921-09-15,0.0
1921-09-16,0.0
1921-09-17,0.0
1921-09-18,0.0
1921-09-19,0.0
1921-09-20,0.0
1921-09-21,0.5
1921-09-22,0.3
1921-09-23,0.0
1921-09-24,0.0
1921-09-25,0.0
1921-09-26,0.0
1921-09-27,0.0
1921-09-28,0.0
1921-09-29,0.0
1921-09-30,0.0
1921-10-01,0.0
1921-10-02,0.0
1921-10-03,7.8
1921-10-04,0.0
1921-10-05,0.0
1921-10-06,0.0
1921-10-07,3.3
1921-10-08,1.2
1921-10-09,0.0
1921-10-10,0.0
1921-10-11,0.0
1921-10-12,3.5
1921-10-13,1.0
1921-10-14,0.0
1921-10-15,0.8
1921-10-16,1.2
1921-10-17,0.0
1921-10-18,0.0
1921-10-19,0.0
1921-10-20,0.0
1921-10-21,0.0
1921-10-22,0.0
1921-10-23,0.0
1921-10-24,0.0
1921-10-25,0.0
1921-10-26,0.0
1921-10-27,0.0
1921-10-28,0.0
1921-10-29,0.0
1921-10-30,0.0
1921-10-31,0.0
1921-11-01,0.0
1921-11-02,0.0
1921-11-03,0.0
1921-11-04,0.0
1921-11-05,0.0
1921-11-06,4.5
1921-11-07,0.0
1921-11-08,0.0
1921-11-09,0.0
1921-11-10,0.0
1921-11-11,0.0
1921-11-12,0.0
1921-11-13,0.0
1921-11-14,0.0
1921-11-15,5.3
1921-11-16,21.3
1921-11-17,1.3
1921-11-18,0.0
1921-11-19,0.0
1921-11-20,0.0
1921-11-21,5.0
1921-11-22,0.0
1921-11-23,0.0
1921-11-24,0.0
1921-11-25,0.0
1921-11-26,0.0
1921-11-27,0.0
1921-11-28,0.0
1921-11-29,0.0
1921-11-30,0.0
1921-12-01,0.0
1921-12-02,3.8
1921-12-03,0.0
1921-12-04,0.0
1921-12-05,8.7
1921-12-06,0.0
1921-12-07,0.0
1921-12-08,0.0
1921-12-09,0.0
1921-12-10,0.0
1921-12-11,0.0
1921-12-12,0.0
1921-12-13,5.0
1921-12-14,0.0
1921-12-15,0.0
1921-12-16,0.0
1921-12-17,0.0
1921-12-18,0.0
1921-12-19,0.0
1921-12-20,0.0
1921-12-21,0.0
1921-12-22,0.0
1921-12-23,0.0
1921-12-24,0.0
1921-12-25,0.0
1921-12-26,0.0
1921-12-27,0.0
1921-12-28,0.0
1921-12-29,0.0
1921-12-30,0.0
1921-12-31,0.0
1922-01-01,0.0
1922-01-02,0.0
1922-01-03,0.0
1922-01-04,0.0
1922-01-05,0.0
1922-01-06,0.0
1922-01-07,0.0
1922-01-08,0.0
1922-01-09,0.0
1922-01-10,0.0
1922-01-11,0.0
1922-01-12,0.0
1922-01-13,0.0
1922-01-14,0.0
1922-01-15,0.0
1922-01-16,0.0
1922-01-17,0.0
1922-01-18,0.0
1922-01-19,0.0
1922-01-20,0.0
1922-01-21,0.0
1922-01-22,9.5
1922-01-23,14.7
1922-01-24,3.2
1922-01-25,8.0
1922-01-26,0.0
1922-01-27,0.0
1922-01-28,0.0
1922-01-29,0.0
1922-01-30,10.7
1922-01-31,0.0
1922-02-01,24.8
1922-02-02,0.0
1922-02-03,0.0
1922-02-04,0.0
1922-02-05,0.0
1922-02-06,0.0
1922-02-07,0.0
1922-02-08,0.0
1922-02-09,0.0
1922-02-10,0.0
1922-02-11,0.0
1922-02-12,0.0
1922-02-13,0.0
1922-02-14,2.8
1922-02-15,6.5
1922-02-16,0.0
1922-02-17,0.0
1922-02-18,0.0
1922-02-19,1.4
1922-02-20,0.0
1922-02-21,1.3
1922-02-22,2.8
1922-02-23,0.0
1922-02-24,0.0
1922-02-25,5.3
1922-02-26,33.0
1922-02-27,1.3
1922-02-28,0.0
1922-03-01,3.2
1922-03-02,0.0
1922-03-03,0.0
1922-03-04,0.0
1922-03-05,0.0
1922-03-06,0.9
1922-03-07,0.0
1922-03-08,0.0
1922-03-09,13.0
1922-03-10,2.3
1922-03-11,0.0
1922-03-12,0.0
1922-03-13,0.0
1922-03-14,3.8
1922-03-15,1.2
1922-03-16,0.0
1922-03-17,0.0
1922-03-18,0.0
1922-03-19,0.0
1922-03-20,0.0
1922-03-21,3.5
1922-03-22,4.2
1922-03-23,11.3
1922-03-24,0.0
1922-03-25,0.0
1922-03-26,4.2
1922-03-27,18.4
1922-03-28,0.0
1922-03-29,0.0
1922-03-30,0.0
1922-03-31,0.0
1922-04-01,13.9
1922-04-02,5.0
1922-04-03,31.1
1922-04-04,4.7
1922-04-05,0.0
1922-04-06,22.0
1922-04-07,12.9
1922-04-08,32.4
1922-04-09,4.0
1922-04-10,7.0
1922-04-11,9.0
1922-04-12,0.6
1922-04-13,2.4
1922-04-14,3.2
1922-04-15,4.2
1922-04-16,8.9
1922-04-17,1.2
1922-04-18,10.5
1922-04-19,1.5
1922-04-20,7.0
1922-04-21,4.0
1922-04-22,0.0
1922-04-23,18.0
1922-04-24,3.0
1922-04-25,2.8
1922-04-26,0.6
1922-04-27,0.0
1922-04-28,0.0
1922-04-29,16.5
1922-04-30,7.7
1922-05-01,5.2
1922-05-02,25.3
1922-05-03,7.6
1922-05-04,7.2
1922-05-05,6.0
1922-05-06,8.2
1922-05-07,13.0
1922-05-08,20.0
1922-05-09,0.3
1922-05-10,4.0
1922-05-11,3.9
1922-05-12,7.8
1922-05-13,0.1
1922-05-14,8.5
1922-05-15,4.5
1922-05-16,4.2
1922-05-17,0.0
1922-05-18,0.0
1922-05-19,49.0
1922-05-20,0.0
1922-05-21,0.0
1922-05-22,0.2
1922-05-23,0.9
1922-05-24,0.7
1922-05-25,13.5
1922-05-26,3.6
1922-05-27,0.0
1922-05-28,2.4
1922-05-29,0.0
1922-05-30,0.0
1922-05-31,0.0
1922-06-01,0.2
1922-06-02,20.3
1922-06-03,0.6
1922-06-04,0.5
1922-06-05,6.0
1922-06-06,0.2
1922-06-07,10.0
1922-06-08,20.0
1922-06-09,0.3
1922-06-10,4.0
1922-06-11,0.0
1922-06-12,0.0
1922-06-13,6.0
1922-06-14,3.8
1922-06-15,7.5
1922-06-16,0.6
1922-06-17,0.0
1922-06-18,0.0
1922-06-19,0.0
1922-06-20,0.0
1922-06-21,1.0
1922-06-22,0.0
1922-06-23,7.5
1922-06-24,5.0
1922-06-25,14.0
1922-06-26,0.0
1922-06-27,2.0
1922-06-28,0.0
1922-06-29,0.0
1922-06-30,0.0
1922-07-01,0.0
1922-07-02,3.0
1922-07-03,2.2
1922-07-04,0.0
1922-07-05,0.0
1922-07-06,25.0
1922-07-07,0.0
1922-07-08,0.0
1922-07-09,1.6
1922-07-10,0.2
1922-07-11,0.0
1922-07-12,0.0
1922-07-13,0.0
1922-07-14,0.0
1922-07-15,4.8
1922-07-16,4.5
1922-07-17,0.0
1922-07-18,0.0
1922-07-19,0.0
1922-07-20,0.0
1922-07-21,0.0
1922-07-22,0.0
1922-07-23,8.0
1922-07-24,2.5
1922-07-25,2.0
1922-07-26,3.8
1922-07-27,2.8
1922-07-28,0.0
1922-07-29,0.0
1922-07-30,0.0
1922-07-31,0.0
1922-08-01,1.0
1922-08-02,0.0
1922-08-03,2.6
1922-08-04,0.0
1922-08-05,0.0
1922-08-06,0.0
1922-08-07,0.0
1922-08-08,0.0
1922-08-09,0.0
1922-08-10,0.0
1922-08-11,0.0
1922-08-12,0.0
1922-08-13,0.0
1922-08-14,3.0
1922-08-15,7.5
1922-08-16,0.0
1922-08-17,0.0
1922-08-18,0.0
1922-08-19,18.0
1922-08-20,0.0
1922-08-21,3.0
1922-08-22,0.0
1922-08-23,0.0
1922-08-24,0.0
1922-08-25,0.0
1922-08-26,0.0
1922-08-27,0.0
1922-08-28,0.0
1922-08-29,0.0
1922-08-30,0.0
1922-08-31,0.0
1922-09-01,0.0
1922-09-02,6.8
1922-09-03,0.0
1922-09-04,0.0
1922-09-05,0.0
1922-09-06,0.0
1922-09-07,0.0
1922-09-08,0.0
1922-09-09,0.0
1922-09-10,0.0
1922-09-11,0.0
1922-09-12,0.0
1922-09-13,0.0
1922-09-14,0.0
1922-09-15,0.0
1922-09-16,0.0
1922-09-17,0.0
1922-09-18,0.0
1922-09-19,0.0
1922-09-20,0.0
1922-09-21,0.0
1922-09-22,0.0
1922-09-23,0.0
1922-09-24,0.0
1922-09-25,0.0
1922-09-26,0.0
1922-09-27,0.0
1922-09-28,0.0
1922-09-29,0.0
1922-09-30,0.0
1922-10-01,0.0
1922-10-02,0.0
1922-10-03,0.0
1922-10-04,0.0
1922-10-05,0.0
1922-10-06,0.0
1922-10-07,0.0
1922-10-08,0.0
1922-10-09,0.0
1922-10-10,0.0
1922-10-11,0.0
1922-10-12,0.0
1922-10-13,0.0
1922-10-14,0.0
1922-10-15,0.0
1922-10-16,0.0
1922-10-17,0.0
1922-10-18,0.0
1922-10-19,0.0
1922-10-20,0.0
1922-10-21,0.0
1922-10-22,0.0
1922-10-23,0.0
1922-10-24,0.0
1922-10-25,0.0
1922-10-26,0.0
1922-10-27,0.0
1922-10-28,0.0
1922-10-29,0.0
1922-10-30,0.0
1922-10-31,0.0
1922-11-01,0.0
1922-11-02,1.0
1922-11-03,0.0
1922-11-04,0.0
1922-11-05,0.0
1922-11-06,0.0
1922-11-07,0.0
1922-11-08,0.0
1922-11-09,0.0
1922-11-10,0.0
1922-11-11,0.0
1922-11-12,0.0
1922-11-13,0.0
1922-11-14,0.0
1922-11-15,0.0
1922-11-16,0.0
1922-11-17,0.0
1922-11-18,0.0
1922-11-19,0.0
1922-11-20,0.0
1922-11-21,0.0
1922-11-22,0.0
1922-11-23,0.0
1922-11-24,0.0
1922-11-25,0.0
1922-11-26,0.0
1922-11-27,0.0
1922-11-28,0.0
1922-11-29,0.0
1922-11-30,0.2
1922-12-01,0.0
1922-12-02,0.0
1922-12-03,0.0
1922-12-04,0.0
1922-12-05,0.1
1922-12-06,0.0
1922-12-07,0.0
1922-12-08,0.0
1922-12-09,0.0
1922-12-10,0.0
1922-12-11,0.0
1922-12-12,0.0
1922-12-13,0.0
1922-12-14,0.0
1922-12-15,0.0
1922-12-16,0.0
1922-12-17,0.0
1922-12-18,0.0
1922-12-19,0.0
1922-12-20,2.0
1922-12-21,0.0
1922-12-22,0.0
1922-12-23,0.0
1922-12-24,0.0
1922-12-25,0.0
1922-12-26,8.5
1922-12-27,0.0
1922-12-28,0.0
1922-12-29,0.0
1922-12-30,0.0
1922-12-31,0.0
1923-01-01,0.0
1923-01-02,0.0
1923-01-03,0.0
1923-01-04,0.0
1923-01-05,6.5
1923-01-06,4.4
1923-01-07,0.0
1923-01-08,0.0
1923-01-09,9.0
1923-01-10,0.0
1923-01-11,2.3
1923-01-12,0.0
1923-01-13,0.0
1923-01-14,18.0
1923-01-15,1.8
1923-01-16,0.0
1923-01-17,3.0
1923-01-18,0.0
1923-01-19,0.0
1923-01-20,0.0
1923-01-21,0.0
1923-01-22,3.4
1923-01-23,0.0
1923-01-24,0.0
1923-01-25,0.0
1923-01-26,0.0
1923-01-27,0.0
1923-01-28,3.7
1923-01-29,2.4
1923-01-30,0.0
1923-01-31,0.0
1923-02-01,0.0
1923-02-02,0.0
1923-02-03,0.0
1923-02-04,8.0
1923-02-05,13.3
1923-02-06,0.0
1923-02-07,35.0
1923-02-08,7.9
1923-02-09,5.0
1923-02-10,3.7
1923-02-11,3.4
1923-02-12,5.2
1923-02-13,0.8
1923-02-14,8.5
1923-02-15,3.7
1923-02-16,3.2
1923-02-17,0.0
1923-02-18,0.0
1923-02-19,18.7
1923-02-20,2.7
1923-02-21,0.0
1923-02-22,10.7
1923-02-23,0.0
1923-02-24,0.0
1923-02-25,48.0
1923-02-26,4.5
1923-02-27,4.0
1923-02-28,6.8
1923-03-01,0.0
1923-03-02,0.0
1923-03-03,12.6
1923-03-04,42.2
1923-03-05,9.0
1923-03-06,3.5
1923-03-07,0.0
1923-03-08,13.0
1923-03-09,0.0
1923-03-10,0.0
1923-03-11,0.0
1923-03-12,7.0
1923-03-13,0.0
1923-03-14,0.0
1923-03-15,15.0
1923-03-16,3.1
1923-03-17,0.0
1923-03-18,0.0
1923-03-19,0.0
1923-03-20,34.0
1923-03-21,0.0
1923-03-22,10.8
1923-03-23,1.0
1923-03-24,0.0
1923-03-25,24.5
1923-03-26,0.0
1923-03-27,4.6
1923-03-28,0.0
1923-03-29,0.0
1923-03-30,0.0
1923-03-31,0.0
1923-04-01,5.0
1923-04-02,0.0
1923-04-03,4.2
1923-04-04,0.0
1923-04-05,0.0
1923-04-06,0.0
1923-04-07,0.0
1923-04-08,0.0
1923-04-09,14.3
1923-04-10,0.0
1923-04-11,0.0
1923-04-12,0.0
1923-04-13,11.8
1923-04-14,23.0
1923-04-15,5.0
1923-04-16,0.0
1923-04-17,11.4
1923-04-18,0.0
1923-04-19,7.8
1923-04-20,0.0
1923-04-21,0.0
1923-04-22,0.0
1923-04-23,11.8
1923-04-24,0.0
1923-04-25,32.2
1923-04-26,11.4
1923-04-27,20.0
1923-04-28,0.0
1923-04-29,0.0
1923-04-30,0.0
1923-05-01,4.3
1923-05-02,0.0
1923-05-03,0.0
1923-05-04,0.0
1923-05-05,0.0
1923-05-06,0.0
1923-05-07,0.0
1923-05-08,0.0
1923-05-09,0.0
1923-05-10,0.0
1923-05-11,0.0
1923-05-12,39.0
1923-05-13,0.0
1923-05-14,0.0
1923-05-15,2.0
1923-05-16,4.0
1923-05-17,0.0
1923-05-18,0.0
1923-05-19,0.0
1923-05-20,0.0
1923-05-21,0.0
1923-05-22,0.0
1923-05-23,0.0
1923-05-24,0.0
1923-05-25,13.7
1923-05-26,13.2
1923-05-27,9.0
1923-05-28,0.0
1923-05-29,15.0
1923-05-30,0.0
1923-05-31,0.0
1923-06-01,5.6
1923-06-02,0.0
1923-06-03,0.0
1923-06-04,0.0
1923-06-05,16.0
1923-06-06,1.6
1923-06-07,0.0
1923-06-08,0.0
1923-06-09,0.0
1923-06-10,1.5
1923-06-11,3.0
1923-06-12,0.0
1923-06-13,0.0
1923-06-14,2.0
1923-06-15,8.0
1923-06-16,0.0
1923-06-17,0.0
1923-06-18,1.5
1923-06-19,0.0
1923-06-20,0.0
1923-06-21,0.0
1923-06-22,0.0
1923-06-23,0.0
1923-06-24,0.0
1923-06-25,0.0
1923-06-26,0.0
1923-06-27,0.0
1923-06-28,0.0
1923-06-29,0.0
1923-06-30,0.0
1923-07-01,0.0
1923-07-02,0.0
1923-07-03,0.0
1923-07-04,0.0
1923-07-05,0.0
1923-07-06,0.0
1923-07-07,0.0
1923-07-08,0.0
1923-07-09,11.0
1923-07-10,1.5
1923-07-11,1.6
1923-07-12,0.0
1923-07-13,0.0
1923-07-14,0.0
1923-07-15,0.0
1923-07-16,0.0
1923-07-17,0.0
1923-07-18,0.0
1923-07-19,3.7
1923-07-20,0.0
1923-07-21,0.0
1923-07-22,0.0
1923-07-23,0.0
1923-07-24,0.0
1923-07-25,0.0
1923-07-26,0.0
1923-07-27,0.0
1923-07-28,0.0
1923-07-29,4.5
1923-07-30,0.0
1923-07-31,0.0
1923-08-01,0.0
1923-08-02,0.0
1923-08-03,0.0
1923-08-04,0.0
1923-08-05,0.0
1923-08-06,0.0
1923-08-07,0.0
1923-08-08,0.0
1923-08-09,0.0
1923-08-10,0.0
1923-08-11,0.0
1923-08-12,0.0
1923-08-13,0.0
1923-08-14,0.0
1923-08-15,0.0
1923-08-16,0.0
1923-08-17,0.0
1923-08-18,0.0
1923-08-19,0.0
1923-08-20,0.0
1923-08-21,0.0
1923-08-22,0.0
1923-08-23,0.0
1923-08-24,0.0
1923-08-25,0.0
1923-08-26,0.0
1923-08-27,0.0
1923-08-28,0.0
1923-08-29,0.0
1923-08-30,0.0
1923-08-31,0.0
1923-09-01,0.0
1923-09-02,0.0
1923-09-03,0.0
1923-09-04,0.0
1923-09-05,0.0
1923-09-06,0.0
1923-09-07,0.0
1923-09-08,0.0
1923-09-09,0.0
1923-09-10,0.0
1923-09-11,0.0
1923-09-12,0.0
1923-09-13,0.0
1923-09-14,0.0
1923-09-15,0.0
1923-09-16,0.0
1923-09-17,0.0
1923-09-18,0.0
1923-09-19,0.0
1923-09-20,0.0
1923-09-21,0.0
1923-09-22,0.0
1923-09-23,0.0
1923-09-24,5.0
1923-09-25,0.0
1923-09-26,0.0
1923-09-27,0.0
1923-09-28,0.0
1923-09-29,0.0
1923-09-30,0.0
1923-10-01,0.0
1923-10-02,0.0
1923-10-03,0.0
1923-10-04,0.0
1923-10-05,0.0
1923-10-06,0.0
1923-10-07,0.0
1923-10-08,0.0
1923-10-09,0.0
1923-10-10,0.0
1923-10-11,1.0
1923-10-12,0.3
1923-10-13,0.0
1923-10-14,0.0
1923-10-15,0.0
1923-10-16,0.0
1923-10-17,0.0
1923-10-18,0.0
1923-10-19,0.0
1923-10-20,0.0
1923-10-21,0.0
1923-10-22,0.0
1923-10-23,0.0
1923-10-24,0.0
1923-10-25,0.0
1923-10-26,0.0
1923-10-27,0.0
1923-10-28,0.0
1923-10-29,0.0
1923-10-30,0.0
1923-10-31,0.0
1923-11-01,0.0
1923-11-02,0.0
1923-11-03,1.3
1923-11-04,0.0
1923-11-05,0.2
1923-11-06,0.0
1923-11-07,0.0
1923-11-08,0.0
1923-11-09,0.0
1923-11-10,0.0
1923-11-11,0.0
1923-11-12,0.0
1923-11-13,0.0
1923-11-14,0.0
1923-11-15,0.0
1923-11-16,0.0
1923-11-17,0.0
1923-11-18,0.0
1923-11-19,0.0
1923-11-20,0.0
1923-11-21,0.0
1923-11-22,0.0
1923-11-23,0.0
1923-11-24,1.0
1923-11-25,0.0
1923-11-26,0.0
1923-11-27,0.0
1923-11-28,0.0
1923-11-29,0.0
1923-11-30,0.0
1923-12-01,0.0
1923-12-02,3.0
1923-12-03,0.0
1923-12-04,0.0
1923-12-05,0.0
1923-12-06,0.0
1923-12-07,0.0
1923-12-08,0.0
1923-12-09,0.0
1923-12-10,0.0
1923-12-11,0.0
1923-12-12,0.0
1923-12-13,0.0
1923-12-14,0.0
1923-12-15,0.0
1923-12-16,0.0
1923-12-17,0.0
1923-12-18,0.0
1923-12-19,0.0
1923-12-20,0.0
1923-12-21,0.0
1923-12-22,0.0
1923-12-23,0.0
1923-12-24,0.0
1923-12-25,0.0
1923-12-26,0.0
1923-12-27,0.0
1923-12-28,0.0
1923-12-29,0.0
1923-12-30,0.0
1923-12-31,0.0
1924-01-01,0.0
1924-01-02,0.0
1924-01-03,0.0
1924-01-04,0.0
1924-01-05,0.0
1924-01-06,0.0
1924-01-07,0.0
1924-01-08,0.0
1924-01-09,12.2
1924-01-10,0.0
1924-01-11,0.0
1924-01-12,0.0
1924-01-13,0.0
1924-01-14,0.0
1924-01-15,0.0
1924-01-16,0.0
1924-01-17,0.0
1924-01-18,0.0
1924-01-19,0.0
1924-01-20,0.0
1924-01-21,0.0
1924-01-22,0.0
1924-01-23,41.4
1924-01-24,15.3
1924-01-25,4.6
1924-01-26,0.0
1924-01-27,24.3
1924-01-28,17.0
1924-01-29,28.8
1924-01-30,0.0
1924-01-31,1.8
1924-02-01,66.8
1924-02-02,1.4
1924-02-03,0.0
1924-02-04,2.7
1924-02-05,0.8
1924-02-06,28.8
1924-02-07,0.0
1924-02-08,2.6
1924-02-09,0.0
1924-02-10,4.7
1924-02-11,9.6
1924-02-12,0.0
1924-02-13,10.0
1924-02-14,12.5
1924-02-15,1.0
1924-02-16,3.0
1924-02-17,4.0
1924-02-18,3.5
1924-02-19,1.5
1924-02-20,13.5
1924-02-21,4.7
1924-02-22,0.0
1924-02-23,0.0
1924-02-24,0.0
1924-02-25,16.7
1924-02-26,12.8
1924-02-27,13.4
1924-02-28,0.0
1924-02-29,1.5
1924-03-01,0.0
1924-03-02,13.6
1924-03-03,70.0
1924-03-04,10.5
1924-03-05,15.3
1924-03-06,1.2
1924-03-07,7.6
1924-03-08,3.5
1924-03-09,22.5
1924-03-10,3.4
1924-03-11,11.0
1924-03-12,11.0
1924-03-13,7.6
1924-03-14,10.0
1924-03-15,18.5
1924-03-16,14.5
1924-03-17,1.8
1924-03-18,15.0
1924-03-19,80.0
1924-03-20,5.4
1924-03-21,16.5
1924-03-22,0.0
1924-03-23,0.0
1924-03-24,0.0
1924-03-25,0.0
1924-03-26,34.0
1924-03-27,0.0
1924-03-28,3.4
1924-03-29,2.0
1924-03-30,39.4
1924-03-31,0.0
1924-04-01,40.5
1924-04-02,14.0
1924-04-03,6.8
1924-04-04,7.0
1924-04-05,27.0
1924-04-06,2.5
1924-04-07,13.0
1924-04-08,18.4
1924-04-09,5.3
1924-04-10,2.0
1924-04-11,6.0
1924-04-12,65.0
1924-04-13,0.0
1924-04-14,0.0
1924-04-15,0.0
1924-04-16,1.5
1924-04-17,0.0
1924-04-18,45.6
1924-04-19,12.0
1924-04-20,10.0
1924-04-21,22.2
1924-04-22,0.0
1924-04-23,91.0
1924-04-24,1.4
1924-04-25,5.3
1924-04-26,2.2
1924-04-27,4.0
1924-04-28,29.0
1924-04-29,18.0
1924-04-30,1.5
1924-05-01,18.0
1924-05-02,0.0
1924-05-03,41.0
1924-05-04,0.0
1924-05-05,1.6
1924-05-06,1.5
1924-05-07,2.5
1924-05-08,0.0
1924-05-09,57.0
1924-05-10,6.2
1924-05-11,0.0
1924-05-12,0.0
1924-05-13,0.0
1924-05-14,5.4
1924-05-15,0.0
1924-05-16,13.4
1924-05-17,0.0
1924-05-18,0.0
1924-05-19,2.0
1924-05-20,35.0
1924-05-21,0.0
1924-05-22,0.0
1924-05-23,0.0
1924-05-24,0.0
1924-05-25,0.0
1924-05-26,0.0
1924-05-27,30.4
1924-05-28,0.0
1924-05-29,0.0
1924-05-30,12.3
1924-05-31,13.5
1924-06-01,0.0
1924-06-02,0.0
1924-06-03,4.5
1924-06-04,0.0
1924-06-05,0.0
1924-06-06,0.0
1924-06-07,0.0
1924-06-08,0.0
1924-06-09,4.0
1924-06-10,4.6
1924-06-11,0.0
1924-06-12,2.6
1924-06-13,4.0
1924-06-14,0.0
1924-06-15,0.0
1924-06-16,0.0
1924-06-17,23.5
1924-06-18,25.0
1924-06-19,0.0
1924-06-20,0.0
1924-06-21,0.0
1924-06-22,0.0
1924-06-23,32.5
1924-06-24,0.0
1924-06-25,10.0
1924-06-26,6.5
1924-06-27,0.0
1924-06-28,0.0
1924-06-29,0.0
1924-06-30,4.2
1924-07-01,0.0
1924-07-02,0.0
1924-07-03,0.0
1924-07-04,0.0
1924-07-05,0.0
1924-07-06,0.0
1924-07-07,0.0
1924-07-08,0.0
1924-07-09,0.0
1924-07-10,0.0
1924-07-11,0.0
1924-07-12,0.0
1924-07-13,0.0
1924-07-14,0.0
1924-07-15,0.0
1924-07-16,0.0
1924-07-17,0.0
1924-07-18,0.0
1924-07-19,0.0
1924-07-20,0.0
1924-07-21,0.0
1924-07-22,0.0
1924-07-23,0.0
1924-07-24,0.0
1924-07-25,2.5
1924-07-26,0.0
1924-07-27,0.0
1924-07-28,0.0
1924-07-29,2.8
1924-07-30,0.0
1924-07-31,0.0
1924-08-01,0.0
1924-08-02,0.0
1924-08-03,0.0
1924-08-04,0.0
1924-08-05,0.0
1924-08-06,0.0
1924-08-07,0.0
1924-08-08,0.0
1924-08-09,0.0
1924-08-10,0.0
1924-08-11,0.0
1924-08-12,0.0
1924-08-13,0.0
1924-08-14,0.0
1924-08-15,0.0
1924-08-16,0.0
1924-08-17,0.0
1924-08-18,0.0
1924-08-19,0.0
1924-08-20,0.0
1924-08-21,0.0
1924-08-22,0.0
1924-08-23,4.8
1924-08-24,0.0
1924-08-25,0.0
1924-08-26,0.0
1924-08-27,3.5
1924-08-28,0.0
1924-08-29,0.0
1924-08-30,2.8
1924-08-31,0.0
1924-09-01,0.0
1924-09-02,0.0
1924-09-03,5.3
1924-09-04,0.0
1924-09-05,0.0
1924-09-06,0.0
1924-09-07,0.0
1924-09-08,0.0
1924-09-09,0.0
1924-09-10,0.0
1924-09-11,0.0
1924-09-12,0.0
1924-09-13,0.0
1924-09-14,8.5
1924-09-15,0.0
1924-09-16,0.0
1924-09-17,0.0
1924-09-18,0.0
1924-09-19,0.0
1924-09-20,0.7
1924-09-21,0.8
1924-09-22,0.0
1924-09-23,0.0
1924-09-24,0.0
1924-09-25,0.0
1924-09-26,0.0
1924-09-27,0.0
1924-09-28,0.0
1924-09-29,0.0
1924-09-30,0.0
1924-10-01,0.0
1924-10-02,0.0
1924-10-03,0.0
1924-10-04,0.0
1924-10-05,0.0
1924-10-06,0.0
1924-10-07,0.0
1924-10-08,10.0
1924-10-09,0.8
1924-10-10,0.0
1924-10-11,0.0
1924-10-12,0.0
1924-10-13,0.0
1924-10-14,0.0
1924-10-15,0.0
1924-10-16,0.0
1924-10-17,0.0
1924-10-18,0.0
1924-10-19,0.0
1924-10-20,1.0
1924-10-21,0.0
1924-10-22,0.0
1924-10-23,0.0
1924-10-24,0.0
1924-10-25,0.0
1924-10-26,0.0
1924-10-27,0.0
1924-10-28,0.0
1924-10-29,0.0
1924-10-30,0.0
1924-10-31,0.0
1924-11-01,0.0
1924-11-02,0.0
1924-11-03,0.0
1924-11-04,0.0
1924-11-05,0.0
1924-11-06,0.0
1924-11-07,0.0
1924-11-08,0.0
1924-11-09,0.0
1924-11-10,0.0
1924-11-11,0.0
1924-11-12,0.0
1924-11-13,0.0
1924-11-14,0.0
1924-11-15,5.0
1924-11-16,0.7
1924-11-17,0.0
1924-11-18,0.0
1924-11-19,0.0
1924-11-20,0.0
1924-11-21,0.0
1924-11-22,0.0
1924-11-23,0.0
1924-11-24,0.0
1924-11-25,0.0
1924-11-26,0.0
1924-11-27,0.0
1924-11-28,0.0
1924-11-29,0.0
1924-11-30,0.0
1924-12-01,0.0
1924-12-02,0.0
1924-12-03,0.0
1924-12-04,0.0
1924-12-05,0.0
1924-12-06,0.0
1924-12-07,0.0
1924-12-08,0.0
1924-12-09,0.0
1924-12-10,0.0
1924-12-11,0.0
1924-12-12,0.0
1924-12-13,3.0
1924-12-14,8.0
1924-12-15,1.0
1924-12-16,0.0
1924-12-17,0.0
1924-12-18,0.0
1924-12-19,0.0
1924-12-20,0.0
1924-12-21,0.0
1924-12-22,13.0
1924-12-23,8.0
1924-12-24,0.0
1924-12-25,0.0
1924-12-26,0.0
1924-12-27,0.0
1924-12-28,0.0
1924-12-29,0.0
1924-12-30,0.0
1924-12-31,0.0
1925-01-01,0.0
1925-01-02,0.0
1925-01-03,0.0
1925-01-04,0.0
1925-01-05,0.0
1925-01-06,0.0
1925-01-07,0.0
1925-01-08,7.8
1925-01-09,0.8
1925-01-10,0.0
1925-01-11,0.0
1925-01-12,12.0
1925-01-13,26.0
1925-01-14,19.0
1925-01-15,0.0
1925-01-16,0.0
1925-01-17,0.7
1925-01-18,0.0
1925-01-19,0.0
1925-01-20,0.0
1925-01-21,0.0
1925-01-22,0.0
1925-01-23,0.0
1925-01-24,0.0
1925-01-25,10.0
1925-01-26,0.0
1925-01-27,12.0
1925-01-28,0.0
1925-01-29,0.0
1925-01-30,0.0
1925-01-31,0.0
1925-02-01,0.0
1925-02-02,9.0
1925-02-03,17.0
1925-02-04,0.0
1925-02-05,19.8
1925-02-06,0.0
1925-02-07,0.0
1925-02-08,12.3
1925-02-09,10.8
1925-02-10,0.0
1925-02-11,0.0
1925-02-12,0.0
1925-02-13,0.0
1925-02-14,22.5
1925-02-15,10.8
1925-02-16,25.3
1925-02-17,23.5
1925-02-18,0.0
1925-02-19,0.0
1925-02-20,8.0
1925-02-21,0.0
1925-02-22,0.0
1925-02-23,0.0
1925-02-24,0.0
1925-02-25,0.8
1925-02-26,0.0
1925-02-27,12.3
1925-02-28,3.7
1925-03-01,0.0
1925-03-02,0.0
1925-03-03,0.0
1925-03-04,0.0
1925-03-05,0.0
1925-03-06,0.0
1925-03-07,0.0
1925-03-08,0.0
1925-03-09,0.0
1925-03-10,3.0
1925-03-11,0.0
1925-03-12,0.0
1925-03-13,0.0
1925-03-14,0.0
1925-03-15,10.0
1925-03-16,0.0
1925-03-17,0.0
1925-03-18,22.0
1925-03-19,0.0
1925-03-20,40.0
1925-03-21,0.0
1925-03-22,8.0
1925-03-23,30.8
1925-03-24,40.2
1925-03-25,25.0
1925-03-26,0.0
1925-03-27,0.0
1925-03-28,0.0
1925-03-29,0.0
1925-03-30,0.0
1925-03-31,26.2
1925-04-01,10.0
1925-04-02,0.0
1925-04-03,14.7
1925-04-04,5.8
1925-04-05,16.0
1925-04-06,0.8
1925-04-07,0.0
1925-04-08,0.0
1925-04-09,0.0
1925-04-10,18.0
1925-04-11,12.0
1925-04-12,0.0
1925-04-13,0.0
1925-04-14,16.8
1925-04-15,8.0
1925-04-16,0.0
1925-04-17,40.8
1925-04-18,32.0
1925-04-19,0.8
1925-04-20,0.0
1925-04-21,0.0
1925-04-22,12.0
1925-04-23,0.8
1925-04-24,13.7
1925-04-25,0.0
1925-04-26,30.8
1925-04-27,0.0
1925-04-28,29.3
1925-04-29,0.0
1925-04-30,15.0
1925-05-01,0.0
1925-05-02,8.0
1925-05-03,9.2
1925-05-04,0.0
1925-05-05,0.0
1925-05-06,0.3
1925-05-07,0.0
1925-05-08,0.8
1925-05-09,0.5
1925-05-10,0.0
1925-05-11,0.0
1925-05-12,0.0
1925-05-13,0.0
1925-05-14,0.0
1925-05-15,0.0
1925-05-16,0.0
1925-05-17,0.0
1925-05-18,0.0
1925-05-19,0.0
1925-05-20,0.0
1925-05-21,0.0
1925-05-22,0.0
1925-05-23,0.0
1925-05-24,0.0
1925-05-25,0.0
1925-05-26,0.0
1925-05-27,0.0
1925-05-28,0.0
1925-05-29,0.0
1925-05-30,0.0
1925-05-31,0.0
1925-06-01,0.0
1925-06-02,0.0
1925-06-03,0.0
1925-06-04,0.0
1925-06-05,0.0
1925-06-06,0.0
1925-06-07,0.0
1925-06-08,0.0
1925-06-09,0.0
1925-06-10,0.0
1925-06-11,0.0
1925-06-12,3.0
1925-06-13,0.0
1925-06-14,0.8
1925-06-15,0.0
1925-06-16,0.0
1925-06-17,0.0
1925-06-18,3.0
1925-06-19,0.0
1925-06-20,0.0
1925-06-21,0.0
1925-06-22,0.0
1925-06-23,0.0
1925-06-24,0.0
1925-06-25,0.0
1925-06-26,0.0
1925-06-27,0.0
1925-06-28,0.0
1925-06-29,0.0
1925-06-30,0.0
1925-07-01,0.0
1925-07-02,0.0
1925-07-03,0.0
1925-07-04,0.0
1925-07-05,0.0
1925-07-06,0.0
1925-07-07,0.0
1925-07-08,0.0
1925-07-09,8.2
1925-07-10,10.2
1925-07-11,14.0
1925-07-12,16.0
1925-07-13,0.0
1925-07-14,0.0
1925-07-15,0.0
1925-07-16,0.0
1925-07-17,0.0
1925-07-18,0.0
1925-07-19,0.0
1925-07-20,0.0
1925-07-21,0.0
1925-07-22,0.0
1925-07-23,0.0
1925-07-24,0.0
1925-07-25,0.0
1925-07-26,0.0
1925-07-27,0.0
1925-07-28,0.0
1925-07-29,0.0
1925-07-30,0.0
1925-07-31,0.0
1925-08-01,0.0
1925-08-02,0.0
1925-08-03,0.0
1925-08-04,0.0
1925-08-05,0.0
1925-08-06,0.0
1925-08-07,0.0
1925-08-08,0.0
1925-08-09,0.0
1925-08-10,0.0
1925-08-11,0.0
1925-08-12,0.0
1925-08-13,0.0
1925-08-14,0.0
1925-08-15,0.0
1925-08-16,0.0
1925-08-17,0.0
1925-08-18,0.0
1925-08-19,0.0
1925-08-20,0.8
1925-08-21,0.0
1925-08-22,0.0
1925-08-23,0.7
1925-08-24,0.0
1925-08-25,0.0
1925-08-26,0.0
1925-08-27,0.0
1925-08-28,0.0
1925-08-29,0.0
1925-08-30,0.0
1925-08-31,0.0
1925-09-01,0.0
1925-09-02,0.0
1925-09-03,0.0
1925-09-04,0.0
1925-09-05,0.0
1925-09-06,0.0
1925-09-07,0.0
1925-09-08,0.0
1925-09-09,0.0
1925-09-10,0.0
1925-09-11,0.0
1925-09-12,0.0
1925-09-13,0.0
1925-09-14,0.0
1925-09-15,0.6
1925-09-16,0.8
1925-09-17,0.0
1925-09-18,1.0
1925-09-19,20.0
1925-09-20,4.5
1925-09-21,0.0
1925-09-22,0.0
1925-09-23,0.0
1925-09-24,0.0
1925-09-25,0.0
1925-09-26,0.0
1925-09-27,0.0
1925-09-28,0.0
1925-09-29,0.0
1925-09-30,0.0
1925-10-01,0.0
1925-10-02,0.0
1925-10-03,0.0
1925-10-04,0.0
1925-10-05,0.0
1925-10-06,0.0
1925-10-07,0.0
1925-10-08,0.0
1925-10-09,0.0
1925-10-10,0.0
1925-10-11,0.0
1925-10-12,0.0
1925-10-13,0.0
1925-10-14,0.0
1925-10-15,0.0
1925-10-16,0.0
1925-10-17,0.0
1925-10-18,5.0
1925-10-19,0.0
1925-10-20,0.0
1925-10-21,2.0
1925-10-22,0.0
1925-10-23,0.0
1925-10-24,0.0
1925-10-25,0.0
1925-10-26,0.0
1925-10-27,0.0
1925-10-28,0.0
1925-10-29,0.0
1925-10-30,0.0
1925-10-31,0.0
1925-11-01,0.0
1925-11-02,0.0
1925-11-03,0.0
1925-11-04,0.0
1925-11-05,0.0
1925-11-06,0.0
1925-11-07,0.0
1925-11-08,0.0
1925-11-09,0.0
1925-11-10,0.0
1925-11-11,0.0
1925-11-12,0.0
1925-11-13,0.0
1925-11-14,0.0
1925-11-15,0.0
1925-11-16,0.0
1925-11-17,0.0
1925-11-18,0.7
1925-11-19,0.0
1925-11-20,0.0
1925-11-21,0.0
1925-11-22,1.0
1925-11-23,0.0
1925-11-24,0.0
1925-11-25,0.0
1925-11-26,0.0
1925-11-27,0.0
1925-11-28,0.0
1925-11-29,0.0
1925-11-30,0.0
1925-12-01,0.0
1925-12-02,0.0
1925-12-03,0.0
1925-12-04,0.0
1925-12-05,0.0
1925-12-06,0.0
1925-12-07,0.0
1925-12-08,0.0
1925-12-09,0.0
1925-12-10,0.0
1925-12-11,0.0
1925-12-12,0.0
1925-12-13,0.0
1925-12-14,0.0
1925-12-15,0.0
1925-12-16,0.0
1925-12-17,0.0
1925-12-18,0.0
1925-12-19,0.0
1925-12-20,0.0
1925-12-21,0.0
1925-12-22,0.0
1925-12-23,0.0
1925-12-24,0.0
1925-12-25,0.0
1925-12-26,10.0
1925-12-27,0.8
1925-12-28,1.0
1925-12-29,0.0
1925-12-30,0.0
1925-12-31,0.0
1926-01-01,0.0
1926-01-02,0.0
1926-01-03,0.0
1926-01-04,0.0
1926-01-05,0.0
1926-01-06,0.0
1926-01-07,0.0
1926-01-08,0.0
1926-01-09,0.0
1926-01-10,0.0
1926-01-11,0.0
1926-01-12,0.0
1926-01-13,0.0
1926-01-14,0.0
1926-01-15,0.0
1926-01-16,0.0
1926-01-17,0.0
1926-01-18,10.0
1926-01-19,5.0
1926-01-20,0.0
1926-01-21,0.0
1926-01-22,0.0
1926-01-23,0.0
1926-01-24,0.0
1926-01-25,10.0
1926-01-26,0.0
1926-01-27,5.0
1926-01-28,5.0
1926-01-29,8.0
1926-01-30,26.0
1926-01-31,4.0
1926-02-01,0.0
1926-02-02,0.0
1926-02-03,0.0
1926-02-04,0.0
1926-02-05,0.0
1926-02-06,6.3
1926-02-07,0.0
1926-02-08,0.0
1926-02-09,2.8
1926-02-10,0.0
1926-02-11,0.0
1926-02-12,12.3
1926-02-13,19.3
1926-02-14,0.0
1926-02-15,0.0
1926-02-16,0.0
1926-02-17,0.0
1926-02-18,0.0
1926-02-19,19.2
1926-02-20,0.0
1926-02-21,29.3
1926-02-22,0.0
1926-02-23,4.3
1926-02-24,18.8
1926-02-25,1.3
1926-02-26,0.0
1926-02-27,0.0
1926-02-28,6.0
1926-03-01,4.0
1926-03-02,0.0
1926-03-03,0.0
1926-03-04,0.0
1926-03-05,30.3
1926-03-06,0.0
1926-03-07,0.0
1926-03-08,16.4
1926-03-09,10.3
1926-03-10,0.0
1926-03-11,0.0
1926-03-12,0.0
1926-03-13,0.0
1926-03-14,12.0
1926-03-15,81.2
1926-03-16,0.0
1926-03-17,3.5
1926-03-18,10.0
1926-03-19,2.6
1926-03-20,23.5
1926-03-21,6.4
1926-03-22,21.3
1926-03-23,13.2
1926-03-24,10.2
1926-03-25,12.0
1926-03-26,35.2
1926-03-27,7.0
1926-03-28,1.1
1926-03-29,0.0
1926-03-30,0.0
1926-03-31,0.0
1926-04-01,0.0
1926-04-02,0.0
1926-04-03,0.0
1926-04-04,0.0
1926-04-05,4.8
1926-04-06,24.0
1926-04-07,63.5
1926-04-08,17.5
1926-04-09,7.6
1926-04-10,21.5
1926-04-11,14.0
1926-04-12,19.0
1926-04-13,7.0
1926-04-14,7.3
1926-04-15,9.8
1926-04-16,0.0
1926-04-17,22.8
1926-04-18,0.0
1926-04-19,11.3
1926-04-20,30.2
1926-04-21,0.0
1926-04-22,8.0
1926-04-23,40.0
1926-04-24,7.8
1926-04-25,0.0
1926-04-26,0.0
1926-04-27,0.0
1926-04-28,0.0
1926-04-29,0.0
1926-04-30,0.0
1926-05-01,0.0
1926-05-02,0.0
1926-05-03,0.0
1926-05-04,0.0
1926-05-05,0.0
1926-05-06,0.0
1926-05-07,0.0
1926-05-08,0.0
1926-05-09,0.0
1926-05-10,0.0
1926-05-11,0.0
1926-05-12,6.0
1926-05-13,0.0
1926-05-14,53.0
1926-05-15,33.0
1926-05-16,23.0
1926-05-17,51.5
1926-05-18,0.0
1926-05-19,0.0
1926-05-20,0.0
1926-05-21,0.0
1926-05-22,0.0
1926-05-23,6.7
1926-05-24,0.0
1926-05-25,0.0
1926-05-26,5.0
1926-05-27,0.0
1926-05-28,0.0
1926-05-29,0.0
1926-05-30,0.0
1926-05-31,0.0
1926-06-01,0.0
1926-06-02,6.0
1926-06-03,0.0
1926-06-04,0.0
1926-06-05,0.0
1926-06-06,0.0
1926-06-07,6.5
1926-06-08,0.0
1926-06-09,0.0
1926-06-10,0.0
1926-06-11,0.0
1926-06-12,0.0
1926-06-13,0.0
1926-06-14,0.0
1926-06-15,0.0
1926-06-16,0.0
1926-06-17,0.0
1926-06-18,0.0
1926-06-19,0.0
1926-06-20,0.0
1926-06-21,0.0
1926-06-22,0.0
1926-06-23,7.0
1926-06-24,0.0
1926-06-25,0.0
1926-06-26,0.0
1926-06-27,7.2
1926-06-28,0.0
1926-06-29,0.0
1926-06-30,0.0
1926-07-01,0.0
1926-07-02,0.0
1926-07-03,4.0
1926-07-04,0.0
1926-07-05,0.0
1926-07-06,0.0
1926-07-07,0.0
1926-07-08,0.0
1926-07-09,0.0
1926-07-10,0.0
1926-07-11,0.0
1926-07-12,0.0
1926-07-13,0.0
1926-07-14,0.0
1926-07-15,0.0
1926-07-16,0.0
1926-07-17,0.0
1926-07-18,0.0
1926-07-19,0.0
1926-07-20,0.0
1926-07-21,0.0
1926-07-22,0.0
1926-07-23,0.0
1926-07-24,0.0
1926-07-25,0.0
1926-07-26,0.0
1926-07-27,0.0
1926-07-28,0.0
1926-07-29,0.0
1926-07-30,0.0
1926-07-31,0.0
1926-08-01,0.0
1926-08-02,0.0
1926-08-03,0.0
1926-08-04,0.0
1926-08-05,0.0
1926-08-06,0.0
1926-08-07,0.0
1926-08-08,0.0
1926-08-09,0.0
1926-08-10,0.0
1926-08-11,0.0
1926-08-12,0.0
1926-08-13,0.0
1926-08-14,0.0
1926-08-15,0.0
1926-08-16,0.0
1926-08-17,0.0
1926-08-18,0.0
1926-08-19,0.0
1926-08-20,0.0
1926-08-21,0.0
1926-08-22,0.0
1926-08-23,0.0
1926-08-24,0.0
1926-08-25,0.0
1926-08-26,0.0
1926-08-27,0.0
1926-08-28,0.0
1926-08-29,0.0
1926-08-30,0.0
1926-08-31,0.0
1926-09-01,0.0
1926-09-02,0.0
1926-09-03,0.0
1926-09-04,0.0
1926-09-05,0.0
1926-09-06,0.0
1926-09-07,0.0
1926-09-08,0.0
1926-09-09,0.0
1926-09-10,0.0
1926-09-11,0.0
1926-09-12,0.0
1926-09-13,0.0
1926-09-14,0.0
1926-09-15,0.0
1926-09-16,0.0
1926-09-17,0.0
1926-09-18,0.0
1926-09-19,0.0
1926-09-20,0.0
1926-09-21,0.0
1926-09-22,0.0
1926-09-23,0.0
1926-09-24,0.0
1926-09-25,0.0
1926-09-26,0.0
1926-09-27,0.0
1926-09-28,0.0
1926-09-29,0.0
1926-09-30,0.0
1926-10-01,6.0
1926-10-02,0.0
1926-10-03,0.0
1926-10-04,0.0
1926-10-05,0.0
1926-10-06,0.0
1926-10-07,0.0
1926-10-08,0.0
1926-10-09,0.0
1926-10-10,0.0
1926-10-11,0.0
1926-10-12,0.0
1926-10-13,0.0
1926-10-14,0.0
1926-10-15,0.0
1926-10-16,0.0
1926-10-17,0.0
1926-10-18,0.0
1926-10-19,0.0
1926-10-20,0.0
1926-10-21,0.0
1926-10-22,0.0
1926-10-23,0.0
1926-10-24,0.0
1926-10-25,0.0
1926-10-26,0.0
1926-10-27,0.0
1926-10-28,0.0
1926-10-29,0.0
1926-10-30,0.0
1926-10-31,0.0
1926-11-01,0.0
1926-11-02,0.0
1926-11-03,0.0
1926-11-04,0.0
1926-11-05,0.0
1926-11-06,0.0
1926-11-07,0.0
1926-11-08,0.0
1926-11-09,0.0
1926-11-10,0.0
1926-11-11,0.0
1926-11-12,0.0
1926-11-13,0.0
1926-11-14,0.0
1926-11-15,0.0
1926-11-16,0.0
1926-11-17,0.0
1926-11-18,1.0
1926-11-19,0.0
1926-11-20,0.0
1926-11-21,0.0
1926-11-22,0.0
1926-11-23,0.0
1926-11-24,0.0
1926-11-25,0.0
1926-11-26,0.0
1926-11-27,0.0
1926-11-28,0.0
1926-11-29,0.8
1926-11-30,0.0
1926-12-01,0.0
1926-12-02,0.0
1926-12-03,0.0
1926-12-04,0.0
1926-12-05,0.0
1926-12-06,0.0
1926-12-07,0.0
1926-12-08,0.0
1926-12-09,0.0
1926-12-10,0.0
1926-12-11,0.0
1926-12-12,0.0
1926-12-13,7.0
1926-12-14,0.0
1926-12-15,0.0
1926-12-16,0.0
1926-12-17,0.0
1926-12-18,0.0
1926-12-19,0.0
1926-12-20,0.0
1926-12-21,0.0
1926-12-22,0.0
1926-12-23,0.0
1926-12-24,0.0
1926-12-25,0.0
1926-12-26,0.0
1926-12-27,0.0
1926-12-28,0.0
1926-12-29,0.0
1926-12-30,0.0
1926-12-31,0.0
1927-01-01,0.0
1927-01-02,0.0
1927-01-03,0.0
1927-01-04,0.0
1927-01-05,0.0
1927-01-06,0.0
1927-01-07,0.0
1927-01-08,0.0
1927-01-09,0.0
1927-01-10,0.0
1927-01-11,0.0
1927-01-12,0.0
1927-01-13,0.0
1927-01-14,0.0
1927-01-15,0.0
1927-01-16,0.0
1927-01-17,0.0
1927-01-18,0.0
1927-01-19,0.0
1927-01-20,0.0
1927-01-21,4.0
1927-01-22,31.2
1927-01-23,0.0
1927-01-24,0.0
1927-01-25,0.0
1927-01-26,0.0
1927-01-27,18.0
1927-01-28,31.2
1927-01-29,0.0
1927-01-30,0.0
1927-01-31,0.0
1927-02-01,0.0
1927-02-02,0.0
1927-02-03,1.0
1927-02-04,0.0
1927-02-05,0.0
1927-02-06,0.0
1927-02-07,0.0
1927-02-08,0.0
1927-02-09,0.9
1927-02-10,0.0
1927-02-11,0.0
1927-02-12,0.0
1927-02-13,0.0
1927-02-14,0.0
1927-02-15,25.4
1927-02-16,16.0
1927-02-17,0.0
1927-02-18,0.0
1927-02-19,15.0
1927-02-20,0.0
1927-02-21,2.7
1927-02-22,41.0
1927-02-23,1.2
1927-02-24,10.0
1927-02-25,0.0
1927-02-26,10.4
1927-02-27,0.0
1927-02-28,36.5
1927-03-01,0.0
1927-03-02,0.0
1927-03-03,27.7
1927-03-04,10.0
1927-03-05,0.3
1927-03-06,6.0
1927-03-07,27.5
1927-03-08,11.3
1927-03-09,9.5
1927-03-10,0.0
1927-03-11,0.0
1927-03-12,8.3
1927-03-13,0.0
1927-03-14,0.0
1927-03-15,0.0
1927-03-16,16.0
1927-03-17,0.0
1927-03-18,1.8
1927-03-19,0.0
1927-03-20,0.0
1927-03-21,16.4
1927-03-22,16.5
1927-03-23,1.2
1927-03-24,14.2
1927-03-25,20.2
1927-03-26,1.0
1927-03-27,4.5
1927-03-28,0.0
1927-03-29,0.0
1927-03-30,0.3
1927-03-31,0.0
1927-04-01,16.5
1927-04-02,12.0
1927-04-03,8.8
1927-04-04,3.4
1927-04-05,35.5
1927-04-06,20.0
1927-04-07,4.5
1927-04-08,11.6
1927-04-09,4.0
1927-04-10,19.0
1927-04-11,7.8
1927-04-12,0.0
1927-04-13,0.0
1927-04-14,14.8
1927-04-15,8.0
1927-04-16,0.0
1927-04-17,0.0
1927-04-18,0.0
1927-04-19,4.8
1927-04-20,1.1
1927-04-21,3.0
1927-04-22,1.4
1927-04-23,2.5
1927-04-24,4.8
1927-04-25,2.0
1927-04-26,0.0
1927-04-27,17.0
1927-04-28,1.5
1927-04-29,20.5
1927-04-30,28.5
1927-05-01,0.2
1927-05-02,0.5
1927-05-03,0.0
1927-05-04,2.5
1927-05-05,0.0
1927-05-06,2.1
1927-05-07,0.0
1927-05-08,0.0
1927-05-09,0.0
1927-05-10,1.3
1927-05-11,0.0
1927-05-12,0.0
1927-05-13,0.0
1927-05-14,0.0
1927-05-15,24.0
1927-05-16,0.0
1927-05-17,0.0
1927-05-18,0.0
1927-05-19,0.0
1927-05-20,0.0
1927-05-21,0.0
1927-05-22,0.0
1927-05-23,0.0
1927-05-24,0.0
1927-05-25,1.0
1927-05-26,0.0
1927-05-27,0.0
1927-05-28,0.0
1927-05-29,0.0
1927-05-30,11.5
1927-05-31,15.8
1927-06-01,10.4
1927-06-02,6.0
1927-06-03,0.9
1927-06-04,0.0
1927-06-05,0.0
1927-06-06,0.0
1927-06-07,0.0
1927-06-08,0.0
1927-06-09,0.0
1927-06-10,0.0
1927-06-11,0.0
1927-06-12,0.0
1927-06-13,0.0
1927-06-14,1.0
1927-06-15,0.0
1927-06-16,2.5
1927-06-17,0.0
1927-06-18,3.0
1927-06-19,0.0
1927-06-20,0.0
1927-06-21,14.0
1927-06-22,2.0
1927-06-23,0.0
1927-06-24,7.8
1927-06-25,15.4
1927-06-26,0.0
1927-06-27,0.0
1927-06-28,0.0
1927-06-29,0.0
1927-06-30,0.0
1927-07-01,0.0
1927-07-02,0.0
1927-07-03,0.0
1927-07-04,0.0
1927-07-05,0.0
1927-07-06,0.0
1927-07-07,0.0
1927-07-08,0.0
1927-07-09,9.3
1927-07-10,7.5
1927-07-11,0.0
1927-07-12,0.0
1927-07-13,0.0
1927-07-14,0.0
1927-07-15,0.0
1927-07-16,0.0
1927-07-17,0.0
1927-07-18,0.0
1927-07-19,6.0
1927-07-20,0.0
1927-07-21,0.0
1927-07-22,0.0
1927-07-23,0.0
1927-07-24,0.0
1927-07-25,0.0
1927-07-26,0.0
1927-07-27,0.0
1927-07-28,0.0
1927-07-29,0.0
1927-07-30,0.0
1927-07-31,0.0
1927-08-01,0.0
1927-08-02,0.0
1927-08-03,0.0
1927-08-04,0.0
1927-08-05,0.0
1927-08-06,0.0
1927-08-07,0.0
1927-08-08,0.0
1927-08-09,0.0
1927-08-10,0.0
1927-08-11,0.0
1927-08-12,0.0
1927-08-13,0.0
1927-08-14,0.0
1927-08-15,0.0
1927-08-16,0.0
1927-08-17,0.0
1927-08-18,0.0
1927-08-19,0.0
1927-08-20,0.0
1927-08-21,0.0
1927-08-22,0.0
1927-08-23,0.0
1927-08-24,0.0
1927-08-25,0.0
1927-08-26,0.0
1927-08-27,0.0
1927-08-28,0.0
1927-08-29,0.0
1927-08-30,0.0
1927-08-31,0.0
1927-09-01,0.0
1927-09-02,0.0
1927-09-03,0.0
1927-09-04,0.0
1927-09-05,0.0
1927-09-06,0.0
1927-09-07,0.0
1927-09-08,0.0
1927-09-09,0.0
1927-09-10,0.0
1927-09-11,0.0
1927-09-12,0.0
1927-09-13,0.0
1927-09-14,0.0
1927-09-15,0.0
1927-09-16,0.0
1927-09-17,0.0
1927-09-18,0.0
1927-09-19,0.0
1927-09-20,0.0
1927-09-21,0.0
1927-09-22,0.0
1927-09-23,0.0
1927-09-24,0.0
1927-09-25,0.0
1927-09-26,0.0
1927-09-27,0.0
1927-09-28,0.0
1927-09-29,0.0
1927-09-30,0.0
1927-10-01,0.0
1927-10-02,0.0
1927-10-03,0.0
1927-10-04,0.0
1927-10-05,0.0
1927-10-06,0.0
1927-10-07,0.0
1927-10-08,0.0
1927-10-09,0.0
1927-10-10,0.0
1927-10-11,0.0
1927-10-12,0.0
1927-10-13,0.0
1927-10-14,0.0
1927-10-15,0.0
1927-10-16,0.0
1927-10-17,0.0
1927-10-18,0.0
1927-10-19,0.0
1927-10-20,0.0
1927-10-21,0.0
1927-10-22,0.0
1927-10-23,0.0
1927-10-24,0.0
1927-10-25,0.0
1927-10-26,0.0
1927-10-27,0.0
1927-10-28,0.0
1927-10-29,0.0
1927-10-30,0.0
1927-10-31,0.0
1927-11-01,0.0
1927-11-02,0.0
1927-11-03,0.0
1927-11-04,0.0
1927-11-05,0.0
1927-11-06,0.0
1927-11-07,0.0
1927-11-08,0.0
1927-11-09,0.0
1927-11-10,0.0
1927-11-11,0.0
1927-11-12,0.0
1927-11-13,0.0
1927-11-14,0.0
1927-11-15,0.0
1927-11-16,0.0
1927-11-17,0.0
1927-11-18,1.0
1927-11-19,0.0
1927-11-20,0.0
1927-11-21,0.0
1927-11-22,0.0
1927-11-23,0.0
1927-11-24,0.0
1927-11-25,0.0
1927-11-26,0.3
1927-11-27,0.0
1927-11-28,0.0
1927-11-29,0.0
1927-11-30,1.2
1927-12-01,0.5
1927-12-02,0.0
1927-12-03,0.0
1927-12-04,0.0
1927-12-05,0.0
1927-12-06,0.0
1927-12-07,19.5
1927-12-08,0.0
1927-12-09,0.0
1927-12-10,0.0
1927-12-11,0.0
1927-12-12,0.0
1927-12-13,0.0
1927-12-14,0.0
1927-12-15,0.0
1927-12-16,0.0
1927-12-17,0.0
1927-12-18,0.0
1927-12-19,0.0
1927-12-20,0.0
1927-12-21,0.0
1927-12-22,0.0
1927-12-23,0.0
1927-12-24,0.0
1927-12-25,0.0
1927-12-26,0.0
1927-12-27,0.0
1927-12-28,0.0
1927-12-29,0.0
1927-12-30,0.0
1927-12-31,0.0
1928-01-01,0.0
1928-01-02,0.0
1928-01-03,0.0
1928-01-04,0.0
1928-01-05,4.2
1928-01-06,2.1
1928-01-07,0.0
1928-01-08,0.0
1928-01-09,0.0
1928-01-10,0.0
1928-01-11,0.0
1928-01-12,0.0
1928-01-13,0.0
1928-01-14,0.0
1928-01-15,0.0
1928-01-16,2.5
1928-01-17,0.0
1928-01-18,0.0
1928-01-19,0.0
1928-01-20,0.0
1928-01-21,0.0
1928-01-22,26.7
1928-01-23,8.5
1928-01-24,0.0
1928-01-25,0.0
1928-01-26,0.0
1928-01-27,0.0
1928-01-28,0.0
1928-01-29,18.2
1928-01-30,0.0
1928-01-31,0.0
1928-02-01,0.0
1928-02-02,0.0
1928-02-03,0.0
1928-02-04,0.0
1928-02-05,0.0
1928-02-06,0.0
1928-02-07,0.0
1928-02-08,0.0
1928-02-09,0.0
1928-02-10,36.0
1928-02-11,1.0
1928-02-12,6.2
1928-02-13,0.0
1928-02-14,0.0
1928-02-15,0.0
1928-02-16,0.0
1928-02-17,0.0
1928-02-18,0.0
1928-02-19,0.0
1928-02-20,0.0
1928-02-21,0.0
1928-02-22,4.0
1928-02-23,0.0
1928-02-24,0.0
1928-02-25,1.0
1928-02-26,0.0
1928-02-27,0.0
1928-02-28,19.0
1928-02-29,0.0
1928-03-01,0.7
1928-03-02,1.5
1928-03-03,0.0
1928-03-04,0.0
1928-03-05,3.0
1928-03-06,24.5
1928-03-07,4.0
1928-03-08,20.0
1928-03-09,1.1
1928-03-10,0.0
1928-03-11,0.0
1928-03-12,0.0
1928-03-13,8.4
1928-03-14,0.8
1928-03-15,0.0
1928-03-16,0.0
1928-03-17,0.0
1928-03-18,0.0
1928-03-19,0.0
1928-03-20,0.0
1928-03-21,0.0
1928-03-22,0.0
1928-03-23,0.0
1928-03-24,0.0
1928-03-25,13.0
1928-03-26,34.5
1928-03-27,0.5
1928-03-28,2.1
1928-03-29,0.0
1928-03-30,11.6
1928-03-31,0.0
1928-04-01,11.0
1928-04-02,3.2
1928-04-03,39.1
1928-04-04,2.2
1928-04-05,0.0
1928-04-06,55.3
1928-04-07,8.9
1928-04-08,0.0
1928-04-09,0.0
1928-04-10,14.4
1928-04-11,0.0
1928-04-12,3.5
1928-04-13,1.5
1928-04-14,0.0
1928-04-15,0.0
1928-04-16,2.8
1928-04-17,4.6
1928-04-18,5.8
1928-04-19,0.0
1928-04-20,2.1
1928-04-21,18.4
1928-04-22,0.0
1928-04-23,15.7
1928-04-24,9.5
1928-04-25,0.8
1928-04-26,0.0
1928-04-27,0.0
1928-04-28,0.0
1928-04-29,6.5
1928-04-30,2.5
1928-05-01,75.0
1928-05-02,8.5
1928-05-03,0.0
1928-05-04,0.0
1928-05-05,0.0
1928-05-06,0.0
1928-05-07,0.0
1928-05-08,0.0
1928-05-09,0.0
1928-05-10,0.0
1928-05-11,0.0
1928-05-12,5.1
1928-05-13,0.0
1928-05-14,0.0
1928-05-15,4.0
1928-05-16,0.0
1928-05-17,0.0
1928-05-18,0.0
1928-05-19,0.0
1928-05-20,0.8
1928-05-21,0.0
1928-05-22,0.0
1928-05-23,0.0
1928-05-24,0.0
1928-05-25,0.0
1928-05-26,0.0
1928-05-27,0.5
1928-05-28,0.0
1928-05-29,4.6
1928-05-30,0.0
1928-05-31,0.3
1928-06-01,0.0
1928-06-02,0.0
1928-06-03,0.0
1928-06-04,0.0
1928-06-05,0.0
1928-06-06,0.0
1928-06-07,0.0
1928-06-08,1.5
1928-06-09,0.0
1928-06-10,0.8
1928-06-11,0.0
1928-06-12,0.0
1928-06-13,0.0
1928-06-14,0.0
1928-06-15,0.0
1928-06-16,0.0
1928-06-17,0.0
1928-06-18,0.0
1928-06-19,0.0
1928-06-20,0.0
1928-06-21,0.0
1928-06-22,0.0
1928-06-23,0.0
1928-06-24,0.0
1928-06-25,3.5
1928-06-26,0.0
1928-06-27,0.0
1928-06-28,0.0
1928-06-29,1.5
1928-06-30,12.7
1928-07-01,0.3
1928-07-02,0.0
1928-07-03,0.0
1928-07-04,0.0
1928-07-05,0.0
1928-07-06,0.0
1928-07-07,0.0
1928-07-08,0.0
1928-07-09,0.0
1928-07-10,0.0
1928-07-11,0.0
1928-07-12,0.0
1928-07-13,0.0
1928-07-14,0.0
1928-07-15,0.0
1928-07-16,0.0
1928-07-17,0.0
1928-07-18,0.0
1928-07-19,0.0
1928-07-20,0.0
1928-07-21,0.0
1928-07-22,0.0
1928-07-23,0.0
1928-07-24,0.0
1928-07-25,0.0
1928-07-26,0.0
1928-07-27,0.0
1928-07-28,0.0
1928-07-29,0.0
1928-07-30,0.0
1928-07-31,0.0
1928-08-01,0.0
1928-08-02,0.0
1928-08-03,0.0
1928-08-04,0.0
1928-08-05,0.0
1928-08-06,0.0
1928-08-07,0.0
1928-08-08,0.0
1928-08-09,0.0
1928-08-10,0.0
1928-08-11,0.0
1928-08-12,0.0
1928-08-13,0.0
1928-08-14,0.0
1928-08-15,0.0
1928-08-16,0.0
1928-08-17,0.0
1928-08-18,0.0
1928-08-19,0.0
1928-08-20,0.0
1928-08-21,0.0
1928-08-22,0.0
1928-08-23,0.0
1928-08-24,0.0
1928-08-25,0.0
1928-08-26,0.0
1928-08-27,0.0
1928-08-28,0.0
1928-08-29,0.0
1928-08-30,0.0
1928-08-31,0.0
1928-09-01,0.0
1928-09-02,0.0
1928-09-03,0.0
1928-09-04,0.0
1928-09-05,0.0
1928-09-06,0.0
1928-09-07,0.0
1928-09-08,3.3
1928-09-09,0.0
1928-09-10,0.0
1928-09-11,0.0
1928-09-12,0.0
1928-09-13,0.0
1928-09-14,0.0
1928-09-15,1.7
1928-09-16,1.3
1928-09-17,0.0
1928-09-18,0.0
1928-09-19,0.0
1928-09-20,0.0
1928-09-21,0.0
1928-09-22,0.0
1928-09-23,0.0
1928-09-24,0.0
1928-09-25,1.4
1928-09-26,0.0
1928-09-27,0.0
1928-09-28,0.0
1928-09-29,0.0
1928-09-30,0.0
1928-10-01,0.0
1928-10-02,0.0
1928-10-03,0.0
1928-10-04,0.0
1928-10-05,0.0
1928-10-06,0.0
1928-10-07,0.0
1928-10-08,0.0
1928-10-09,4.1
1928-10-10,0.0
1928-10-11,0.0
1928-10-12,0.0
1928-10-13,0.0
1928-10-14,0.0
1928-10-15,0.0
1928-10-16,0.0
1928-10-17,0.0
1928-10-18,0.0
1928-10-19,0.0
1928-10-20,0.0
1928-10-21,0.0
1928-10-22,0.0
1928-10-23,0.0
1928-10-24,0.0
1928-10-25,0.0
1928-10-26,4.0
1928-10-27,0.0
1928-10-28,0.0
1928-10-29,0.0
1928-10-30,0.0
1928-10-31,0.0
1928-11-01,0.0
1928-11-02,0.0
1928-11-03,0.0
1928-11-04,0.0
1928-11-05,0.0
1928-11-06,0.0
1928-11-07,0.0
1928-11-08,0.0
1928-11-09,0.0
1928-11-10,0.0
1928-11-11,0.0
1928-11-12,0.0
1928-11-13,0.0
1928-11-14,0.0
1928-11-15,0.0
1928-11-16,0.0
1928-11-17,0.0
1928-11-18,0.0
1928-11-19,0.0
1928-11-20,0.0
1928-11-21,0.0
1928-11-22,0.0
1928-11-23,0.0
1928-11-24,0.0
1928-11-25,0.0
1928-11-26,0.0
1928-11-27,0.0
1928-11-28,0.0
1928-11-29,0.0
1928-11-30,0.0
1928-12-01,0.0
1928-12-02,0.0
1928-12-03,0.0
1928-12-04,0.0
1928-12-05,0.0
1928-12-06,0.0
1928-12-07,0.0
1928-12-08,0.0
1928-12-09,0.0
1928-12-10,0.0
1928-12-11,0.0
1928-12-12,0.0
1928-12-13,0.0
1928-12-14,0.0
1928-12-15,0.0
1928-12-16,0.0
1928-12-17,0.0
1928-12-18,0.0
1928-12-19,0.0
1928-12-20,0.0
1928-12-21,0.0
1928-12-22,3.7
1928-12-23,0.0
1928-12-24,3.8
1928-12-25,0.0
1928-12-26,0.0
1928-12-27,0.0
1928-12-28,0.0
1928-12-29,0.0
1928-12-30,0.0
1928-12-31,0.0
1929-01-01,0.0
1929-01-02,0.0
1929-01-03,0.0
1929-01-04,0.0
1929-01-05,0.0
1929-01-06,0.0
1929-01-07,0.0
1929-01-08,0.0
1929-01-09,0.0
1929-01-10,0.0
1929-01-11,3.8
1929-01-12,0.0
1929-01-13,0.0
1929-01-14,0.0
1929-01-15,0.0
1929-01-16,0.0
1929-01-17,0.0
1929-01-18,0.0
1929-01-19,4.0
1929-01-20,1.0
1929-01-21,0.0
1929-01-22,1.3
1929-01-23,0.0
1929-01-24,0.0
1929-01-25,0.0
1929-01-26,0.0
1929-01-27,5.7
1929-01-28,0.0
1929-01-29,14.5
1929-01-30,10.2
1929-01-31,0.0
1929-02-01,4.0
1929-02-02,27.0
1929-02-03,14.6
1929-02-04,1.3
1929-02-05,5.0
1929-02-06,7.3
1929-02-07,0.0
1929-02-08,6.0
1929-02-09,0.5
1929-02-10,0.4
1929-02-11,19.3
1929-02-12,0.3
1929-02-13,1.0
1929-02-14,4.0
1929-02-15,4.5
1929-02-16,8.3
1929-02-17,3.0
1929-02-18,0.7
1929-02-19,19.5
1929-02-20,29.8
1929-02-21,2.3
1929-02-22,40.0
1929-02-23,3.7
1929-02-24,0.4
1929-02-25,3.0
1929-02-26,12.0
1929-02-27,2.0
1929-02-28,0.0
1929-03-01,0.0
1929-03-02,0.0
1929-03-03,6.0
1929-03-04,10.0
1929-03-05,14.0
1929-03-06,0.0
1929-03-07,0.0
1929-03-08,0.0
1929-03-09,20.0
1929-03-10,0.0
1929-03-11,0.0
1929-03-12,20.3
1929-03-13,0.0
1929-03-14,10.5
1929-03-15,16.2
1929-03-16,2.8
1929-03-17,8.0
1929-03-18,0.0
1929-03-19,0.0
1929-03-20,40.8
1929-03-21,13.0
1929-03-22,5.7
1929-03-23,14.0
1929-03-24,8.5
1929-03-25,12.8
1929-03-26,12.8
1929-03-27,21.3
1929-03-28,11.0
1929-03-29,6.9
1929-03-30,4.7
1929-03-31,5.5
1929-04-01,4.4
1929-04-02,2.6
1929-04-03,0.0
1929-04-04,1.8
1929-04-05,5.0
1929-04-06,24.2
1929-04-07,2.5
1929-04-08,0.0
1929-04-09,1.5
1929-04-10,0.0
1929-04-11,0.0
1929-04-12,0.0
1929-04-13,9.6
1929-04-14,13.6
1929-04-15,8.7
1929-04-16,0.0
1929-04-17,20.5
1929-04-18,0.0
1929-04-19,15.0
1929-04-20,26.2
1929-04-21,7.1
1929-04-22,4.0
1929-04-23,1.0
1929-04-24,0.0
1929-04-25,0.0
1929-04-26,0.0
1929-04-27,0.0
1929-04-28,0.0
1929-04-29,0.0
1929-04-30,0.0
1929-05-01,17.5
1929-05-02,0.0
1929-05-03,28.2
1929-05-04,37.9
1929-05-05,0.0
1929-05-06,0.0
1929-05-07,1.5
1929-05-08,0.0
1929-05-09,0.0
1929-05-10,3.7
1929-05-11,0.0
1929-05-12,33.0
1929-05-13,3.8
1929-05-14,0.0
1929-05-15,0.0
1929-05-16,3.8
1929-05-17,0.0
1929-05-18,0.0
1929-05-19,0.0
1929-05-20,0.0
1929-05-21,0.0
1929-05-22,8.0
1929-05-23,6.5
1929-05-24,0.0
1929-05-25,0.0
1929-05-26,0.0
1929-05-27,11.7
1929-05-28,2.5
1929-05-29,0.0
1929-05-30,0.0
1929-05-31,0.0
1929-06-01,0.0
1929-06-02,0.0
1929-06-03,0.0
1929-06-04,0.0
1929-06-05,0.0
1929-06-06,0.0
1929-06-07,0.0
1929-06-08,0.0
1929-06-09,0.0
1929-06-10,0.0
1929-06-11,11.3
1929-06-12,0.0
1929-06-13,0.0
1929-06-14,1.5
1929-06-15,8.1
1929-06-16,0.0
1929-06-17,14.5
1929-06-18,6.7
1929-06-19,0.0
1929-06-20,0.0
1929-06-21,14.5
1929-06-22,3.7
1929-06-23,0.0
1929-06-24,0.0
1929-06-25,0.0
1929-06-26,5.3
1929-06-27,0.0
1929-06-28,0.0
1929-06-29,0.0
1929-06-30,0.0
1929-07-01,0.0
1929-07-02,0.0
1929-07-03,18.0
1929-07-04,0.0
1929-07-05,0.0
1929-07-06,0.0
1929-07-07,0.0
1929-07-08,0.0
1929-07-09,0.0
1929-07-10,0.0
1929-07-11,0.0
1929-07-12,0.0
1929-07-13,0.0
1929-07-14,4.0
1929-07-15,0.0
1929-07-16,0.0
1929-07-17,0.0
1929-07-18,0.0
1929-07-19,0.0
1929-07-20,0.0
1929-07-21,0.0
1929-07-22,0.0
1929-07-23,0.0
1929-07-24,0.0
1929-07-25,0.0
1929-07-26,0.0
1929-07-27,0.0
1929-07-28,0.0
1929-07-29,0.0
1929-07-30,0.0
1929-07-31,0.0
1929-08-01,0.0
1929-08-02,0.0
1929-08-03,0.0
1929-08-04,0.0
1929-08-05,0.0
1929-08-06,0.0
1929-08-07,0.0
1929-08-08,0.0
1929-08-09,0.0
1929-08-10,0.0
1929-08-11,0.0
1929-08-12,2.0
1929-08-13,0.0
1929-08-14,0.0
1929-08-15,0.0
1929-08-16,0.0
1929-08-17,0.0
1929-08-18,0.0
1929-08-19,0.0
1929-08-20,0.0
1929-08-21,0.0
1929-08-22,0.0
1929-08-23,0.0
1929-08-24,0.0
1929-08-25,0.0
1929-08-26,0.0
1929-08-27,0.0
1929-08-28,0.0
1929-08-29,0.0
1929-08-30,0.0
1929-08-31,0.0
1929-09-01,0.0
1929-09-02,0.0
1929-09-03,0.0
1929-09-04,0.0
1929-09-05,0.0
1929-09-06,0.0
1929-09-07,0.0
1929-09-08,0.0
1929-09-09,0.0
1929-09-10,0.0
1929-09-11,0.0
1929-09-12,0.0
1929-09-13,0.0
1929-09-14,0.0
1929-09-15,0.0
1929-09-16,0.0
1929-09-17,0.0
1929-09-18,0.0
1929-09-19,0.0
1929-09-20,0.0
1929-09-21,0.0
1929-09-22,0.0
1929-09-23,0.0
1929-09-24,9.3
1929-09-25,0.0
1929-09-26,0.0
1929-09-27,0.0
1929-09-28,0.0
1929-09-29,0.0
1929-09-30,0.0
1929-10-01,0.0
1929-10-02,0.0
1929-10-03,0.0
1929-10-04,0.0
1929-10-05,0.0
1929-10-06,0.0
1929-10-07,0.0
1929-10-08,0.0
1929-10-09,0.0
1929-10-10,2.5
1929-10-11,0.0
1929-10-12,0.0
1929-10-13,0.0
1929-10-14,0.0
1929-10-15,0.0
1929-10-16,0.0
1929-10-17,0.0
1929-10-18,0.0
1929-10-19,0.0
1929-10-20,0.0
1929-10-21,0.0
1929-10-22,0.0
1929-10-23,0.0
1929-10-24,0.0
1929-10-25,0.0
1929-10-26,0.0
1929-10-27,0.0
1929-10-28,0.0
1929-10-29,1.2
1929-10-30,0.0
1929-10-31,0.0
1929-11-01,0.0
1929-11-02,0.0
1929-11-03,0.0
1929-11-04,0.0
1929-11-05,0.0
1929-11-06,0.0
1929-11-07,0.0
1929-11-08,0.0
1929-11-09,0.0
1929-11-10,0.0
1929-11-11,0.0
1929-11-12,0.0
1929-11-13,0.0
1929-11-14,0.0
1929-11-15,0.0
1929-11-16,0.0
1929-11-17,0.0
1929-11-18,0.0
1929-11-19,0.0
1929-11-20,0.0
1929-11-21,0.0
1929-11-22,0.0
1929-11-23,0.0
1929-11-24,0.0
1929-11-25,0.0
1929-11-26,0.0
1929-11-27,0.0
1929-11-28,0.0
1929-11-29,0.0
1929-11-30,0.0
1929-12-01,0.0
1929-12-02,0.0
1929-12-03,0.0
1929-12-04,0.0
1929-12-05,0.0
1929-12-06,0.0
1929-12-07,0.0
1929-12-08,0.0
1929-12-09,0.0
1929-12-10,3.0
1929-12-11,0.0
1929-12-12,4.0
1929-12-13,0.0
1929-12-14,0.8
1929-12-15,0.0
1929-12-16,0.0
1929-12-17,0.0
1929-12-18,0.0
1929-12-19,0.0
1929-12-20,0.0
1929-12-21,0.0
1929-12-22,0.0
1929-12-23,0.0
1929-12-24,0.0
1929-12-25,0.0
1929-12-26,0.0
1929-12-27,0.0
1929-12-28,0.0
1929-12-29,0.0
1929-12-30,0.0
1929-12-31,0.0
1930-01-01,5.0
1930-01-02,0.0
1930-01-03,0.0
1930-01-04,0.0
1930-01-05,0.0
1930-01-06,0.0
1930-01-07,0.0
1930-01-08,0.0
1930-01-09,0.0
1930-01-10,0.0
1930-01-11,0.0
1930-01-12,0.0
1930-01-13,0.0
1930-01-14,0.0
1930-01-15,1.5
1930-01-16,0.0
1930-01-17,0.0
1930-01-18,0.0
1930-01-19,0.0
1930-01-20,14.0
1930-01-21,0.0
1930-01-22,18.0
1930-01-23,1.5
1930-01-24,0.0
1930-01-25,0.0
1930-01-26,6.1
1930-01-27,0.5
1930-01-28,0.0
1930-01-29,2.5
1930-01-30,1.3
1930-01-31,0.0
1930-02-01,0.0
1930-02-02,0.0
1930-02-03,2.0
1930-02-04,0.0
1930-02-05,0.0
1930-02-06,0.0
1930-02-07,14.0
1930-02-08,0.8
1930-02-09,0.0
1930-02-10,0.0
1930-02-11,0.0
1930-02-12,0.0
1930-02-13,0.0
1930-02-14,0.0
1930-02-15,0.0
1930-02-16,0.0
1930-02-17,0.0
1930-02-18,0.0
1930-02-19,0.0
1930-02-20,0.0
1930-02-21,0.0
1930-02-22,2.9
1930-02-23,0.0
1930-02-24,0.0
1930-02-25,0.0
1930-02-26,0.0
1930-02-27,1.3
1930-02-28,0.0
1930-03-01,0.0
1930-03-02,9.0
1930-03-03,0.0
1930-03-04,0.0
1930-03-05,12.0
1930-03-06,4.4
1930-03-07,1.6
1930-03-08,0.0
1930-03-09,1.2
1930-03-10,0.0
1930-03-11,0.0
1930-03-12,0.0
1930-03-13,0.0
1930-03-14,1.6
1930-03-15,8.2
1930-03-16,5.8
1930-03-17,1.2
1930-03-18,0.0
1930-03-19,0.0
1930-03-20,0.0
1930-03-21,7.5
1930-03-22,14.2
1930-03-23,1.5
1930-03-24,0.0
1930-03-25,0.0
1930-03-26,68.4
1930-03-27,6.4
1930-03-28,2.0
1930-03-29,0.7
1930-03-30,2.0
1930-03-31,0.0
1930-04-01,8.0
1930-04-02,7.0
1930-04-03,6.0
1930-04-04,29.0
1930-04-05,2.2
1930-04-06,0.4
1930-04-07,7.8
1930-04-08,46.3
1930-04-09,4.0
1930-04-10,6.5
1930-04-11,27.5
1930-04-12,0.0
1930-04-13,0.0
1930-04-14,0.0
1930-04-15,0.0
1930-04-16,0.0
1930-04-17,5.7
1930-04-18,8.2
1930-04-19,28.3
1930-04-20,1.8
1930-04-21,1.0
1930-04-22,5.0
1930-04-23,0.0
1930-04-24,0.0
1930-04-25,0.0
1930-04-26,2.4
1930-04-27,1.8
1930-04-28,5.7
1930-04-29,0.3
1930-04-30,0.0
1930-05-01,0.0
1930-05-02,0.0
1930-05-03,0.0
1930-05-04,0.0
1930-05-05,0.0
1930-05-06,2.2
1930-05-07,5.5
1930-05-08,7.1
1930-05-09,3.7
1930-05-10,0.3
1930-05-11,0.0
1930-05-12,0.0
1930-05-13,0.0
1930-05-14,0.0
1930-05-15,0.0
1930-05-16,5.5
1930-05-17,0.0
1930-05-18,0.0
1930-05-19,0.0
1930-05-20,0.0
1930-05-21,11.1
1930-05-22,2.5
1930-05-23,0.0
1930-05-24,0.0
1930-05-25,0.0
1930-05-26,0.0
1930-05-27,0.5
1930-05-28,0.0
1930-05-29,0.0
1930-05-30,50.2
1930-05-31,4.5
1930-06-01,0.4
1930-06-02,0.0
1930-06-03,12.8
1930-06-04,9.4
1930-06-05,4.6
1930-06-06,2.5
1930-06-07,0.0
1930-06-08,2.8
1930-06-09,0.0
1930-06-10,0.0
1930-06-11,0.8
1930-06-12,0.0
1930-06-13,0.0
1930-06-14,0.0
1930-06-15,55.8
1930-06-16,20.4
1930-06-17,17.5
1930-06-18,0.0
1930-06-19,0.0
1930-06-20,0.0
1930-06-21,0.0
1930-06-22,0.0
1930-06-23,0.0
1930-06-24,0.0
1930-06-25,0.0
1930-06-26,0.0
1930-06-27,0.0
1930-06-28,0.0
1930-06-29,0.0
1930-06-30,0.0
1930-07-01,0.0
1930-07-02,0.0
1930-07-03,0.0
1930-07-04,0.0
1930-07-05,0.0
1930-07-06,0.0
1930-07-07,0.0
1930-07-08,0.0
1930-07-09,0.0
1930-07-10,0.0
1930-07-11,0.0
1930-07-12,0.0
1930-07-13,0.0
1930-07-14,3.0
1930-07-15,0.0
1930-07-16,0.0
1930-07-17,0.0
1930-07-18,0.0
1930-07-19,2.0
1930-07-20,0.0
1930-07-21,0.0
1930-07-22,0.0
1930-07-23,0.0
1930-07-24,0.0
1930-07-25,0.0
1930-07-26,0.0
1930-07-27,0.0
1930-07-28,0.0
1930-07-29,0.0
1930-07-30,0.0
1930-07-31,0.0
1930-08-01,0.0
1930-08-02,0.0
1930-08-03,0.0
1930-08-04,1.5
1930-08-05,0.0
1930-08-06,0.0
1930-08-07,0.0
1930-08-08,0.0
1930-08-09,0.0
1930-08-10,0.0
1930-08-11,0.0
1930-08-12,0.0
1930-08-13,0.0
1930-08-14,0.0
1930-08-15,0.0
1930-08-16,0.0
1930-08-17,0.0
1930-08-18,0.0
1930-08-19,0.0
1930-08-20,0.0
1930-08-21,0.0
1930-08-22,0.0
1930-08-23,0.0
1930-08-24,0.0
1930-08-25,0.0
1930-08-26,0.0
1930-08-27,0.0
1930-08-28,0.0
1930-08-29,0.0
1930-08-30,0.0
1930-08-31,0.0
1930-09-01,0.0
1930-09-02,0.0
1930-09-03,0.0
1930-09-04,0.0
1930-09-05,0.0
1930-09-06,0.0
1930-09-07,0.0
1930-09-08,0.0
1930-09-09,0.0
1930-09-10,0.0
1930-09-11,0.0
1930-09-12,0.0
1930-09-13,0.0
1930-09-14,0.0
1930-09-15,0.0
1930-09-16,0.0
1930-09-17,0.0
1930-09-18,0.0
1930-09-19,0.0
1930-09-20,0.0
1930-09-21,0.0
1930-09-22,0.0
1930-09-23,0.0
1930-09-24,0.0
1930-09-25,0.0
1930-09-26,0.0
1930-09-27,0.0
1930-09-28,0.0
1930-09-29,0.0
1930-09-30,0.0
1930-10-01,0.0
1930-10-02,0.0
1930-10-03,0.0
1930-10-04,0.0
1930-10-05,0.0
1930-10-06,0.0
1930-10-07,0.0
1930-10-08,0.0
1930-10-09,0.0
1930-10-10,0.9
1930-10-11,0.0
1930-10-12,0.0
1930-10-13,1.0
1930-10-14,0.4
1930-10-15,0.0
1930-10-16,3.8
1930-10-17,0.0
1930-10-18,0.0
1930-10-19,0.0
1930-10-20,0.0
1930-10-21,0.0
1930-10-22,0.0
1930-10-23,0.0
1930-10-24,0.0
1930-10-25,0.0
1930-10-26,0.0
1930-10-27,0.0
1930-10-28,1.5
1930-10-29,0.0
1930-10-30,0.0
1930-10-31,0.0
1930-11-01,0.0
1930-11-02,0.0
1930-11-03,0.0
1930-11-04,0.0
1930-11-05,0.0
1930-11-06,0.0
1930-11-07,0.0
1930-11-08,0.0
1930-11-09,0.0
1930-11-10,0.0
1930-11-11,0.0
1930-11-12,0.0
1930-11-13,0.0
1930-11-14,0.0
1930-11-15,0.0
1930-11-16,0.0
1930-11-17,0.0
1930-11-18,0.0
1930-11-19,0.0
1930-11-20,0.0
1930-11-21,0.0
1930-11-22,0.0
1930-11-23,0.0
1930-11-24,0.0
1930-11-25,0.0
1930-11-26,0.0
1930-11-27,0.0
1930-11-28,0.0
1930-11-29,0.0
1930-11-30,0.0
1930-12-01,0.0
1930-12-02,0.0
1930-12-03,0.0
1930-12-04,0.0
1930-12-05,0.0
1930-12-06,0.0
1930-12-07,0.0
1930-12-08,0.0
1930-12-09,0.0
1930-12-10,0.0
1930-12-11,0.0
1930-12-12,0.0
1930-12-13,0.0
1930-12-14,0.0
1930-12-15,0.0
1930-12-16,0.0
1930-12-17,0.0
1930-12-18,0.0
1930-12-19,0.0
1930-12-20,0.0
1930-12-21,0.0
1930-12-22,2.3
1930-12-23,0.0
1930-12-24,0.0
1930-12-25,0.0
1930-12-26,0.0
1930-12-27,0.0
1930-12-28,11.2
1930-12-29,0.0
1930-12-30,0.0
1930-12-31,15.0
1931-01-01,22.5
1931-01-02,1.0
1931-01-03,1.1
1931-01-04,0.0
1931-01-05,8.1
1931-01-06,0.0
1931-01-07,0.0
1931-01-08,0.0
1931-01-09,47.5
1931-01-10,3.0
1931-01-11,0.0
1931-01-12,0.5
1931-01-13,0.0
1931-01-14,0.0
1931-01-15,0.0
1931-01-16,0.0
1931-01-17,0.0
1931-01-18,0.0
1931-01-19,0.0
1931-01-20,0.0
1931-01-21,0.0
1931-01-22,0.0
1931-01-23,0.0
1931-01-24,0.0
1931-01-25,0.0
1931-01-26,0.0
1931-01-27,0.0
1931-01-28,0.0
1931-01-29,0.0
1931-01-30,0.0
1931-01-31,0.0
1931-02-01,22.5
1931-02-02,27.0
1931-02-03,20.0
1931-02-04,2.5
1931-02-05,0.0
1931-02-06,11.5
1931-02-07,19.0
1931-02-08,4.6
1931-02-09,1.2
1931-02-10,3.6
1931-02-11,6.2
1931-02-12,0.0
1931-02-13,18.0
1931-02-14,4.8
1931-02-15,5.3
1931-02-16,5.4
1931-02-17,0.0
1931-02-18,1.1
1931-02-19,0.0
1931-02-20,0.6
1931-02-21,0.0
1931-02-22,8.3
1931-02-23,3.6
1931-02-24,10.2
1931-02-25,12.0
1931-02-26,0.2
1931-02-27,9.4
1931-02-28,5.6
1931-03-01,1.3
1931-03-02,1.3
1931-03-03,0.0
1931-03-04,1.0
1931-03-05,2.3
1931-03-06,3.6
1931-03-07,18.8
1931-03-08,0.0
1931-03-09,0.0
1931-03-10,23.7
1931-03-11,0.0
1931-03-12,10.8
1931-03-13,19.5
1931-03-14,0.0
1931-03-15,0.0
1931-03-16,1.9
1931-03-17,2.8
1931-03-18,8.0
1931-03-19,1.7
1931-03-20,0.0
1931-03-21,1.7
1931-03-22,0.0
1931-03-23,0.0
1931-03-24,4.5
1931-03-25,0.0
1931-03-26,0.0
1931-03-27,0.4
1931-03-28,0.0
1931-03-29,0.0
1931-03-30,0.0
1931-03-31,1.9
1931-04-01,0.0
1931-04-02,0.0
1931-04-03,0.0
1931-04-04,0.0
1931-04-05,3.4
1931-04-06,15.0
1931-04-07,25.0
1931-04-08,0.3
1931-04-09,0.0
1931-04-10,6.8
1931-04-11,5.8
1931-04-12,0.0
1931-04-13,5.8
1931-04-14,0.0
1931-04-15,0.0
1931-04-16,0.0
1931-04-17,0.0
1931-04-18,2.0
1931-04-19,75.0
1931-04-20,2.5
1931-04-21,3.7
1931-04-22,0.0
1931-04-23,10.6
1931-04-24,4.5
1931-04-25,3.8
1931-04-26,0.0
1931-04-27,0.0
1931-04-28,4.6
1931-04-29,0.0
1931-04-30,0.0
1931-05-01,0.5
1931-05-02,0.6
1931-05-03,20.5
1931-05-04,23.7
1931-05-05,0.0
1931-05-06,0.3
1931-05-07,0.0
1931-05-08,0.0
1931-05-09,0.0
1931-05-10,0.0
1931-05-11,0.0
1931-05-12,2.2
1931-05-13,0.0
1931-05-14,0.0
1931-05-15,2.0
1931-05-16,0.0
1931-05-17,0.0
1931-05-18,0.0
1931-05-19,0.0
1931-05-20,0.0
1931-05-21,0.0
1931-05-22,0.0
1931-05-23,0.0
1931-05-24,0.0
1931-05-25,0.0
1931-05-26,0.0
1931-05-27,0.0
1931-05-28,0.0
1931-05-29,0.0
1931-05-30,48.0
1931-05-31,0.0
1931-06-01,0.0
1931-06-02,0.0
1931-06-03,0.0
1931-06-04,0.0
1931-06-05,0.0
1931-06-06,6.8
1931-06-07,0.0
1931-06-08,0.0
1931-06-09,0.0
1931-06-10,0.0
1931-06-11,3.9
1931-06-12,0.0
1931-06-13,6.2
1931-06-14,2.0
1931-06-15,0.0
1931-06-16,0.0
1931-06-17,2.2
1931-06-18,0.0
1931-06-19,0.0
1931-06-20,0.0
1931-06-21,0.0
1931-06-22,0.0
1931-06-23,0.0
1931-06-24,0.0
1931-06-25,0.0
1931-06-26,0.0
1931-06-27,5.4
1931-06-28,0.0
1931-06-29,0.0
1931-06-30,0.0
1931-07-01,0.0
1931-07-02,0.0
1931-07-03,0.0
1931-07-04,0.0
1931-07-05,0.0
1931-07-06,0.0
1931-07-07,0.0
1931-07-08,0.0
1931-07-09,0.0
1931-07-10,0.0
1931-07-11,0.0
1931-07-12,0.0
1931-07-13,0.0
1931-07-14,0.0
1931-07-15,0.0
1931-07-16,0.0
1931-07-17,0.0
1931-07-18,0.0
1931-07-19,0.0
1931-07-20,0.0
1931-07-21,0.0
1931-07-22,0.0
1931-07-23,0.0
1931-07-24,0.0
1931-07-25,0.0
1931-07-26,0.0
1931-07-27,0.0
1931-07-28,0.0
1931-07-29,0.0
1931-07-30,0.0
1931-07-31,0.0
1931-08-01,0.0
1931-08-02,0.0
1931-08-03,0.0
1931-08-04,0.0
1931-08-05,0.0
1931-08-06,0.0
1931-08-07,0.0
1931-08-08,0.0
1931-08-09,0.0
1931-08-10,0.0
1931-08-11,0.0
1931-08-12,0.0
1931-08-13,0.0
1931-08-14,0.0
1931-08-15,0.0
1931-08-16,0.0
1931-08-17,0.0
1931-08-18,0.0
1931-08-19,0.0
1931-08-20,0.0
1931-08-21,1.2
1931-08-22,0.0
1931-08-23,0.0
1931-08-24,0.0
1931-08-25,0.0
1931-08-26,0.0
1931-08-27,0.0
1931-08-28,0.0
1931-08-29,0.0
1931-08-30,0.0
1931-08-31,0.0
1931-09-01,0.0
1931-09-02,0.0
1931-09-03,0.0
1931-09-04,0.0
1931-09-05,0.0
1931-09-06,0.0
1931-09-07,0.0
1931-09-08,0.0
1931-09-09,0.0
1931-09-10,0.0
1931-09-11,0.0
1931-09-12,0.0
1931-09-13,0.0
1931-09-14,0.0
1931-09-15,0.0
1931-09-16,0.0
1931-09-17,0.0
1931-09-18,0.5
1931-09-19,0.8
1931-09-20,0.0
1931-09-21,0.0
1931-09-22,0.0
1931-09-23,0.0
1931-09-24,0.0
1931-09-25,0.0
1931-09-26,0.0
1931-09-27,0.0
1931-09-28,0.0
1931-09-29,0.0
1931-09-30,0.0
1931-10-01,0.0
1931-10-02,0.0
1931-10-03,0.0
1931-10-04,0.0
1931-10-05,0.0
1931-10-06,0.0
1931-10-07,0.0
1931-10-08,0.0
1931-10-09,0.0
1931-10-10,0.0
1931-10-11,0.0
1931-10-12,0.0
1931-10-13,0.0
1931-10-14,0.0
1931-10-15,0.0
1931-10-16,0.0
1931-10-17,0.0
1931-10-18,0.0
1931-10-19,0.0
1931-10-20,0.0
1931-10-21,0.0
1931-10-22,0.0
1931-10-23,0.0
1931-10-24,0.0
1931-10-25,0.0
1931-10-26,0.0
1931-10-27,0.0
1931-10-28,0.0
1931-10-29,0.0
1931-10-30,0.0
1931-10-31,0.0
1931-11-01,0.0
1931-11-02,0.0
1931-11-03,0.0
1931-11-04,0.0
1931-11-05,0.0
1931-11-06,0.0
1931-11-07,0.0
1931-11-08,0.0
1931-11-09,0.0
1931-11-10,0.0
1931-11-11,0.0
1931-11-12,0.0
1931-11-13,0.0
1931-11-14,0.0
1931-11-15,0.0
1931-11-16,0.0
1931-11-17,0.0
1931-11-18,0.0
1931-11-19,0.0
1931-11-20,0.0
1931-11-21,0.0
1931-11-22,0.0
1931-11-23,0.0
1931-11-24,0.0
1931-11-25,0.0
1931-11-26,0.0
1931-11-27,0.0
1931-11-28,1.0
1931-11-29,1.2
1931-11-30,0.8
1931-12-01,1.7
1931-12-02,0.0
1931-12-03,0.0
1931-12-04,0.0
1931-12-05,0.0
1931-12-06,0.0
1931-12-07,0.0
1931-12-08,0.0
1931-12-09,0.0
1931-12-10,0.0
1931-12-11,0.0
1931-12-12,0.0
1931-12-13,0.0
1931-12-14,0.0
1931-12-15,0.0
1931-12-16,0.0
1931-12-17,0.0
1931-12-18,0.0
1931-12-19,0.0
1931-12-20,0.0
1931-12-21,0.0
1931-12-22,0.0
1931-12-23,0.0
1931-12-24,0.0
1931-12-25,2.4
1931-12-26,0.0
1931-12-27,0.0
1931-12-28,0.0
1931-12-29,0.0
1931-12-30,0.0
1931-12-31,0.0
1932-01-01,0.0
1932-01-02,0.0
1932-01-03,0.0
1932-01-04,0.0
1932-01-05,0.0
1932-01-06,0.0
1932-01-07,0.0
1932-01-08,0.0
1932-01-09,0.0
1932-01-10,0.0
1932-01-11,0.0
1932-01-12,0.0
1932-01-13,0.0
1932-01-14,0.0
1932-01-15,0.0
1932-01-16,0.0
1932-01-17,0.0
1932-01-18,0.0
1932-01-19,0.0
1932-01-20,0.0
1932-01-21,0.0
1932-01-22,0.0
1932-01-23,0.0
1932-01-24,0.0
1932-01-25,0.0
1932-01-26,0.0
1932-01-27,0.0
1932-01-28,0.0
1932-01-29,0.0
1932-01-30,0.0
1932-01-31,0.0
1932-02-01,0.0
1932-02-02,0.0
1932-02-03,0.0
1932-02-04,0.0
1932-02-05,0.0
1932-02-06,0.0
1932-02-07,0.0
1932-02-08,0.0
1932-02-09,0.0
1932-02-10,0.0
1932-02-11,0.0
1932-02-12,0.0
1932-02-13,0.0
1932-02-14,0.0
1932-02-15,0.0
1932-02-16,0.0
1932-02-17,0.0
1932-02-18,0.0
1932-02-19,0.0
1932-02-20,0.0
1932-02-21,0.0
1932-02-22,0.0
1932-02-23,0.0
1932-02-24,0.0
1932-02-25,0.0
1932-02-26,0.0
1932-02-27,0.0
1932-02-28,0.0
1932-02-29,0.0
1932-03-01,0.0
1932-03-02,0.0
1932-03-03,0.0
1932-03-04,0.0
1932-03-05,0.0
1932-03-06,0.0
1932-03-07,0.0
1932-03-08,0.0
1932-03-09,0.0
1932-03-10,0.0
1932-03-11,0.0
1932-03-12,0.0
1932-03-13,0.0
1932-03-14,0.0
1932-03-15,0.0
1932-03-16,0.0
1932-03-17,0.0
1932-03-18,0.0
1932-03-19,0.0
1932-03-20,0.0
1932-03-21,0.0
1932-03-22,0.0
1932-03-23,0.0
1932-03-24,0.0
1932-03-25,0.0
1932-03-26,0.0
1932-03-27,0.0
1932-03-28,0.0
1932-03-29,0.0
1932-03-30,0.0
1932-03-31,0.0
1932-04-01,0.0
1932-04-02,0.0
1932-04-03,0.0
1932-04-04,0.0
1932-04-05,0.0
1932-04-06,0.0
1932-04-07,0.0
1932-04-08,0.0
1932-04-09,0.0
1932-04-10,0.0
1932-04-11,0.0
1932-04-12,0.0
1932-04-13,0.0
1932-04-14,0.0
1932-04-15,0.0
1932-04-16,0.0
1932-04-17,0.0
1932-04-18,0.0
1932-04-19,0.0
1932-04-20,0.0
1932-04-21,0.0
1932-04-22,0.0
1932-04-23,0.0
1932-04-24,0.0
1932-04-25,0.0
1932-04-26,0.0
1932-04-27,0.0
1932-04-28,0.0
1932-04-29,0.0
1932-04-30,0.0
1932-05-01,0.0
1932-05-02,0.0
1932-05-03,0.0
1932-05-04,0.0
1932-05-05,0.0
1932-05-06,0.0
1932-05-07,0.0
1932-05-08,0.0
1932-05-09,0.0
1932-05-10,0.0
1932-05-11,0.0
1932-05-12,0.0
1932-05-13,0.0
1932-05-14,0.0
1932-05-15,0.0
1932-05-16,0.0
1932-05-17,0.0
1932-05-18,0.0
1932-05-19,0.0
1932-05-20,0.0
1932-05-21,0.0
1932-05-22,0.0
1932-05-23,0.0
1932-05-24,0.0
1932-05-25,0.0
1932-05-26,0.0
1932-05-27,0.0
1932-05-28,0.0
1932-05-29,0.0
1932-05-30,0.0
1932-05-31,0.0
1932-06-01,0.0
1932-06-02,0.0
1932-06-03,0.0
1932-06-04,0.0
1932-06-05,0.0
1932-06-06,0.0
1932-06-07,0.0
1932-06-08,0.0
1932-06-09,0.0
1932-06-10,0.0
1932-06-11,0.0
1932-06-12,0.0
1932-06-13,0.0
1932-06-14,0.0
1932-06-15,0.0
1932-06-16,0.0
1932-06-17,0.0
1932-06-18,0.0
1932-06-19,0.0
1932-06-20,0.0
1932-06-21,0.0
1932-06-22,0.0
1932-06-23,0.0
1932-06-24,0.0
1932-06-25,0.0
1932-06-26,0.0
1932-06-27,0.0
1932-06-28,0.0
1932-06-29,0.0
1932-06-30,0.0
1932-07-01,0.0
1932-07-02,0.0
1932-07-03,0.0
1932-07-04,0.0
1932-07-05,0.0
1932-07-06,0.0
1932-07-07,0.0
1932-07-08,0.0
1932-07-09,0.0
1932-07-10,0.0
1932-07-11,0.0
1932-07-12,0.0
1932-07-13,0.0
1932-07-14,0.0
1932-07-15,0.0
1932-07-16,0.0
1932-07-17,0.0
1932-07-18,0.0
1932-07-19,0.0
1932-07-20,0.0
1932-07-21,0.0
1932-07-22,0.0
1932-07-23,0.0
1932-07-24,0.0
1932-07-25,0.0
1932-07-26,0.0
1932-07-27,0.0
1932-07-28,0.0
1932-07-29,0.0
1932-07-30,0.0
1932-07-31,0.0
1932-08-01,0.0
1932-08-02,0.0
1932-08-03,0.0
1932-08-04,0.0
1932-08-05,0.0
1932-08-06,0.0
1932-08-07,0.0
1932-08-08,0.0
1932-08-09,0.0
1932-08-10,0.0
1932-08-11,0.0
1932-08-12,0.0
1932-08-13,0.0
1932-08-14,0.0
1932-08-15,0.0
1932-08-16,0.0
1932-08-17,0.0
1932-08-18,0.0
1932-08-19,0.0
1932-08-20,0.0
1932-08-21,0.0
1932-08-22,0.0
1932-08-23,0.0
1932-08-24,0.0
1932-08-25,0.0
1932-08-26,0.0
1932-08-27,0.0
1932-08-28,0.0
1932-08-29,0.0
1932-08-30,0.0
1932-08-31,0.0
1932-09-01,0.0
1932-09-02,0.0
1932-09-03,0.0
1932-09-04,0.0
1932-09-05,0.0
1932-09-06,0.0
1932-09-07,0.0
1932-09-08,0.0
1932-09-09,0.0
1932-09-10,0.0
1932-09-11,0.0
1932-09-12,0.0
1932-09-13,0.0
1932-09-14,0.0
1932-09-15,0.0
1932-09-16,0.0
1932-09-17,0.0
1932-09-18,0.0
1932-09-19,0.0
1932-09-20,0.0
1932-09-21,0.0
1932-09-22,0.0
1932-09-23,0.0
1932-09-24,0.0
1932-09-25,0.0
1932-09-26,0.0
1932-09-27,0.0
1932-09-28,0.0
1932-09-29,0.0
1932-09-30,0.0
1932-10-01,0.0
1932-10-02,0.0
1932-10-03,0.0
1932-10-04,0.0
1932-10-05,0.0
1932-10-06,0.0
1932-10-07,0.0
1932-10-08,0.0
1932-10-09,0.0
1932-10-10,0.0
1932-10-11,0.0
1932-10-12,0.0
1932-10-13,0.0
1932-10-14,0.0
1932-10-15,0.0
1932-10-16,0.0
1932-10-17,0.0
1932-10-18,0.0
1932-10-19,0.0
1932-10-20,0.0
1932-10-21,0.0
1932-10-22,0.0
1932-10-23,0.0
1932-10-24,0.0
1932-10-25,0.0
1932-10-26,0.0
1932-10-27,0.0
1932-10-28,0.0
1932-10-29,0.0
1932-10-30,0.0
1932-10-31,0.0
1932-11-01,0.0
1932-11-02,0.0
1932-11-03,0.0
1932-11-04,0.0
1932-11-05,0.0
1932-11-06,0.0
1932-11-07,0.0
1932-11-08,0.0
1932-11-09,0.0
1932-11-10,0.0
1932-11-11,0.0
1932-11-12,0.0
1932-11-13,0.0
1932-11-14,0.0
1932-11-15,0.0
1932-11-16,0.0
1932-11-17,0.0
1932-11-18,0.0
1932-11-19,0.0
1932-11-20,0.0
1932-11-21,0.0
1932-11-22,0.0
1932-11-23,0.0
1932-11-24,0.0
1932-11-25,0.0
1932-11-26,0.0
1932-11-27,0.0
1932-11-28,0.0
1932-11-29,0.0
1932-11-30,0.0
1932-12-01,0.0
1932-12-02,0.0
1932-12-03,0.0
1932-12-04,0.0
1932-12-05,0.0
1932-12-06,0.0
1932-12-07,0.0
1932-12-08,0.0
1932-12-09,0.0
1932-12-10,0.0
1932-12-11,0.0
1932-12-12,0.0
1932-12-13,0.0
1932-12-14,0.0
1932-12-15,0.0
1932-12-16,0.0
1932-12-17,0.0
1932-12-18,0.0
1932-12-19,0.0
1932-12-20,0.0
1932-12-21,0.0
1932-12-22,0.0
1932-12-23,0.0
1932-12-24,0.0
1932-12-25,0.0
1932-12-26,0.0
1932-12-27,0.0
1932-12-28,0.0
1932-12-29,0.0
1932-12-30,0.0
1932-12-31,0.0
